,,,Adj. Eff.,,Eff. FG%,,Turnover%,,Off. Reb%,,FT Rate,,FT%,,2P%,,3P%,
Rk,Team,Conf,Off.,Def.,Off.,Def.,Off.,Def.,Off.,Def.,Off.,Def.,Off.,Def.,Off.,Def.,Off.,Def.
1,Belmont,MVC,"120.6
42","108.3
153","61.1
1","48.5
68","18.4
271","18.1
116","29.5
223","30.3
152","33.9
221","29.2
51","67.0
336","74.5
300","60.8
5","46.3
26","41.1
4","33.8
168"
2,Saint Louis,A10,"124.7
16","99.6
36","61.0
2","43.0
1","16.8
165","15.9
251","33.3
99","26.0
18","35.2
193","37.4
235","73.6
136","73.1
237","60.2
8","43.7
3","41.3
2","28.0
4"
3,Liberty,CUSA,"118.5
54","108.6
161","60.3
3","50.7
147","13.3
10","18.3
100","19.4
365","33.2
290","29.5
315","25.9
14","69.8
267","71.1
118","60.3
7","48.7
72","40.2
6","36.0
282"
4,Miami OH,MAC,"117.7
63","107.8
145","59.9
4","50.8
155","15.0
53","18.7
83","25.4
334","27.6
53","39.1
89","32.8
111","77.3
27","75.6
332","63.1
2","51.8
187","37.4
28","32.7
114"
5,Iowa St.,B12,"126.6
7","94.2
13","59.0
5","48.3
63","15.3
68","22.8
5","37.8
13","28.3
72","36.3
163","26.5
19","68.6
300","70.7
99","57.3
35","49.0
80","41.2
3","31.6
66"
6,Akron,MAC,"119.6
47","105.8
112","58.8
6","50.2
122","15.6
90","18.9
75","34.4
71","32.5
263","27.7
339","32.1
98","76.3
48","73.0
229","59.5
14","50.2
120","38.6
15","33.5
152"
7,Purdue,B10,"130.3
2","98.5
26","58.8
7","50.3
129","13.8
17","16.3
223","36.0
42","26.8
36","27.6
343","23.9
7","74.5
101","70.6
90","59.1
19","51.4
171","38.8
13","32.7
112"
8,St. Thomas,Sum,"112.7
111","108.3
152","58.7
8","52.0
219","14.7
41","18.4
96","22.1
358","28.2
71","35.8
178","31.2
75","71.5
207","75.0
314","62.8
4","52.6
221","35.9
66","34.1
183"
9,Cornell,Ivy,"120.8
40","122.2
358","58.6
9","57.6
356","16.3
137","15.3
285","29.0
243","30.2
148","31.5
279","37.5
240","74.0
122","71.4
133","58.2
26","56.9
330","39.3
11","39.2
359"
10,Michigan,B10,"127.5
5","90.3
1","58.6
10","43.3
2","17.0
182","17.2
165","35.5
51","28.2
64","41.8
53","26.9
22","73.0
160","72.7
210","63.6
1","42.2
2","34.6
140","29.9
25"
11,Iowa,B10,"121.9
34","96.6
19","58.5
11","49.4
92","16.1
119","22.1
7","31.6
152","29.6
124","36.1
168","37.5
238","77.5
23","71.4
132","59.9
11","51.9
192","37.7
24","30.1
32"
12,Tulsa,Amer,"124.3
18","109.8
199","58.2
12","50.5
140","15.6
85","16.0
242","33.2
103","28.5
76","44.9
12","32.7
105","79.7
5","72.4
183","55.9
56","49.2
93","40.8
5","35.0
239"
13,Colorado St.,MWC,"117.6
65","110.5
219","58.0
13","53.8
275","19.2
312","15.4
283","32.0
142","29.2
109","36.3
164","33.4
124","76.4
46","69.8
58","56.6
47","55.2
299","39.6
8","34.8
224"
14,Bellarmine,ASun,"111.1
132","126.3
363","57.6
14","59.5
365","16.1
124","15.1
291","21.7
361","35.0
328","37.4
128","33.1
120","77.4
26","72.3
176","60.6
6","59.7
361","35.5
93","39.5
362"
15,Duke,ACC,"125.3
10","93.2
5","57.4
15","45.9
14","16.2
126","19.6
51","37.4
18","25.9
16","40.9
59","23.1
4","71.6
202","72.1
168","62.8
3","45.6
15","33.8
188","30.8
49"
16,Utah St.,MWC,"122.3
27","101.1
54","57.0
16","48.5
69","16.2
129","21.9
10","36.4
34","31.6
216","37.0
136","38.8
269","70.3
250","72.9
227","60.1
9","47.5
43","34.7
132","33.2
141"
17,N.C. State,ACC,"123.3
23","99.8
38","57.0
17","50.8
156","13.5
11","19.4
55","28.6
259","28.0
62","35.1
195","37.8
249","75.9
60","67.7
16","54.4
90","50.4
128","40.1
7","34.2
189"
18,Gonzaga,WCC,"121.6
36","94.1
11","56.8
18","45.4
12","14.2
26","20.4
21","36.2
38","24.5
7","31.3
283","31.9
91","68.7
291","69.6
53","58.3
23","45.9
20","35.4
94","30.0
28"
19,Vanderbilt,SEC,"125.1
12","95.4
15","56.7
19","46.8
26","13.3
9","18.6
90","30.3
198","28.0
60","37.0
134","40.9
304","77.0
31","76.4
343","59.2
17","49.4
99","35.8
73","28.6
8"
20,Miami FL,ACC,"119.2
49","102.3
64","56.7
20","50.1
119","16.3
132","19.2
64","37.3
20","26.1
19","39.2
85","32.0
94","68.8
287","66.7
6","59.3
16","48.1
58","34.3
156","35.4
258"
21,Arizona,B12,"126.2
8","91.8
4","56.5
21","45.3
10","15.7
93","18.1
111","39.6
5","25.4
12","43.6
26","27.8
32","73.8
130","69.4
45","57.2
38","43.7
4","36.3
53","31.9
75"
22,Nebraska,B10,"122.1
29","94.0
10","56.5
22","47.2
35","13.2
7","19.0
70","26.0
321","27.2
43","26.4
355","24.7
9","76.2
53","72.2
172","59.4
15","49.1
85","35.8
72","30.2
33"
23,Yale,Ivy,"120.8
39","110.4
213","56.5
23","51.9
211","13.8
18","16.1
236","34.5
69","29.9
138","35.0
198","31.2
76","78.8
11","71.8
153","53.2
118","52.5
218","41.8
1","34.1
182"
24,Arkansas,SEC,"126.7
6","103.7
76","56.5
24","50.8
157","13.0
6","16.4
216","32.8
111","31.2
196","37.7
121","29.2
49","74.1
119","70.8
103","56.8
43","53.1
241","37.4
29","31.8
72"
25,Texas A&M,SEC,"122.1
32","99.0
31","56.4
25","49.8
111","15.4
72","20.2
27","33.9
83","30.8
174","39.0
93","34.6
157","75.6
69","74.3
289","56.7
45","50.8
144","37.3
30","32.3
88"
26,Montana,BSky,"108.4
184","105.9
114","56.4
26","50.6
145","20.0
337","15.1
295","22.7
353","30.6
166","36.7
148","33.1
121","78.9
9","71.2
121","57.0
41","51.6
181","37.1
33","32.5
97"
27,UC Santa Barbara,BW,"115.5
75","110.0
203","56.2
27","53.7
273","18.4
269","18.3
104","31.8
147","26.2
21","36.6
155","43.5
326","77.8
18","72.1
166","54.5
86","53.5
253","39.0
12","35.9
278"
28,Buffalo,MAC,"113.8
95","115.7
303","56.1
28","54.2
293","16.0
115","17.6
140","28.0
273","31.6
222","42.9
38","30.9
68","73.9
129","74.9
310","54.8
76","57.4
340","38.5
17","33.3
145"
29,Boston University,Pat,"109.7
153","121.6
354","56.0
29","55.5
330","17.5
208","13.5
349","27.3
293","27.7
55","32.6
254","32.8
113","71.1
224","72.5
194","55.6
64","53.7
262","37.7
25","38.7
355"
30,Indiana,B10,"124.1
21","100.6
47","55.9
30","46.9
31","15.0
55","16.2
229","28.5
261","28.8
91","36.6
151","38.7
264","78.6
12","75.5
330","59.1
18","47.1
35","35.3
98","31.0
51"
31,Ohio St.,B10,"123.0
24","104.2
81","55.9
31","49.2
89","15.5
79","15.8
256","33.4
95","30.0
143","37.0
137","33.8
135","78.8
10","74.9
309","59.5
12","51.9
193","33.8
192","30.3
38"
32,Louisville,ACC,"124.9
15","98.5
25","55.8
32","47.2
36","16.1
116","17.8
128","34.1
76","27.1
41","34.5
202","33.4
126","76.5
43","70.6
88","60.0
10","45.1
9","34.8
125","33.5
153"
33,Illinois,B10,"131.7
1","99.0
32","55.8
33","47.3
37","14.1
24","12.0
365","39.6
4","26.7
32","34.7
200","18.7
1","78.9
8","70.8
101","58.3
24","46.7
31","35.6
88","32.1
83"
34,Connecticut,BE,"122.7
26","91.6
3","55.8
34","44.0
3","16.3
134","19.1
68","35.6
49","28.9
93","31.6
272","40.8
303","70.6
237","72.0
163","56.5
48","44.6
6","36.4
51","28.5
6"
35,Missouri,SEC,"116.9
68","104.1
80","55.8
35","50.2
123","18.1
250","16.8
197","35.7
46","30.3
151","41.6
55","35.4
184","67.4
332","74.5
299","57.9
30","46.5
27","34.7
135","36.4
307"
36,Texas Tech,B12,"124.9
14","98.7
28","55.8
36","50.3
130","15.0
56","15.6
269","34.0
79","29.0
98","28.1
332","31.9
93","70.5
243","70.1
70","53.9
100","51.0
151","38.6
16","32.7
113"
37,BYU,B12,"124.2
19","101.0
53","55.7
37","48.6
72","15.0
54","17.1
169","35.6
48","28.0
59","35.4
189","27.4
28","74.7
95","70.6
89","57.4
34","48.5
68","35.5
92","32.6
104"
38,SMU,ACC,"124.5
17","104.1
79","55.7
38","50.7
148","16.1
122","17.6
141","35.0
60","31.4
207","33.2
237","32.8
112","76.2
54","71.1
115","55.7
61","52.2
207","37.2
31","32.6
101"
39,Queens,ASun,"113.6
99","118.1
328","55.7
39","55.0
310","15.4
74","14.5
323","32.4
125","33.4
294","32.8
247","39.3
278","74.9
94","73.0
231","58.5
20","54.6
281","35.1
110","37.1
331"
40,High Point,BSth,"117.9
58","110.7
225","55.6
40","51.3
183","12.4
1","21.9
9","31.4
162","31.6
219","43.6
28","34.8
162","72.9
165","70.7
97","57.9
29","52.2
205","34.9
119","33.3
146"
41,Washington St.,WCC,"115.4
76","110.2
210","55.6
41","53.0
255","18.7
287","14.8
308","30.5
190","26.5
26","32.6
251","34.8
163","73.3
151","73.6
261","56.3
52","52.2
206","36.5
50","36.1
290"
42,Utah Valley,WAC,"112.1
121","102.9
69","55.5
42","48.8
79","20.9
350","20.9
18","34.5
70","31.0
182","36.0
171","38.4
256","69.7
270","75.4
328","57.8
31","48.3
64","33.8
185","33.1
139"
43,East Tennessee St.,SC,"110.2
145","109.1
178","55.4
43","50.4
134","14.9
50","19.4
56","29.3
231","28.0
61","34.4
204","35.2
175","77.2
29","72.4
184","57.8
32","50.5
132","34.3
155","33.5
154"
44,George Washington,A10,"117.9
60","107.3
138","55.4
44","51.7
201","17.3
200","18.0
118","34.9
62","28.8
87","36.9
142","33.7
132","72.9
166","70.9
107","56.7
46","53.6
258","35.9
67","32.8
121"
45,North Carolina,ACC,"124.0
22","101.5
58","55.3
45","46.7
23","13.7
15","13.9
339","33.9
82","27.9
57","40.4
64","24.6
8","68.4
307","69.9
63","58.0
27","44.0
5","34.4
152","34.1
185"
46,Virginia,ACC,"124.2
20","97.5
22","55.2
46","45.0
8","15.6
87","16.2
230","40.0
3","29.4
117","35.7
180","36.5
215","70.3
249","72.4
190","56.4
50","44.8
8","35.9
70","30.3
37"
47,Northern Colorado,BSky,"112.1
120","112.7
261","55.1
47","51.7
202","16.3
131","12.8
360","29.0
245","24.7
9","27.7
341","38.9
273","75.1
87","76.8
350","56.9
42","53.5
252","35.0
118","32.2
86"
48,Furman,SC,"107.1
207","108.6
157","55.0
48","49.7
105","18.3
264","14.1
335","31.6
150","29.0
101","31.5
276","26.5
20","67.8
326","71.5
143","59.5
13","51.4
170","33.3
218","31.5
64"
49,UCF,B12,"121.5
37","105.0
91","55.0
49","52.2
224","16.2
127","16.6
207","37.1
21","26.6
27","30.6
299","35.3
183","73.5
144","73.3
246","53.8
105","53.1
242","38.2
19","34.0
178"
50,Santa Clara,WCC,"122.1
33","101.7
59","55.0
50","50.4
135","17.0
183","21.1
17","38.4
9","31.2
192","26.5
354","40.0
287","73.4
145","73.3
247","57.9
28","52.3
210","34.2
162","31.6
67"
,,,Adj. Eff.,,Eff. FG%,,Turnover%,,Off. Reb%,,FT Rate,,FT%,,2P%,,3P%,
Rk,Team,Conf,Off.,Def.,Off.,Def.,Off.,Def.,Off.,Def.,Off.,Def.,Off.,Def.,Off.,Def.,Off.,Def.
51,Providence,BE,"122.7
25","111.1
231","54.9
51","52.2
225","15.7
98","13.7
344","31.7
148","31.6
218","36.7
150","33.0
117","77.6
21","72.1
167","56.4
51","48.9
78","35.2
104","38.0
349"
52,Texas,SEC,"125.5
9","106.4
122","54.9
52","49.7
106","15.5
76","14.6
316","37.6
16","27.5
47","47.4
4","40.8
299","74.3
109","72.4
188","57.2
39","48.2
63","34.1
174","35.0
242"
53,Murray St.,MVC,"117.6
64","110.7
224","54.8
53","50.4
136","16.4
144","16.0
244","34.3
72","31.6
217","39.1
88","32.9
115","76.6
42","71.9
157","56.8
44","49.4
100","34.9
122","35.6
268"
54,Elon,CAA,"113.7
97","115.8
305","54.8
54","54.0
286","15.9
112","16.6
206","34.0
80","34.2
318","33.0
242","33.9
139","70.2
252","71.3
130","55.7
62","53.2
244","35.7
80","36.7
318"
55,VCU,A10,"119.4
48","107.0
135","54.8
55","49.5
94","15.7
97","17.7
133","33.8
85","30.6
164","45.0
10","34.4
150","74.0
120","72.7
208","54.7
78","48.6
71","36.6
44","34.3
198"
56,LSU,SEC,"120.0
44","106.4
121","54.7
56","49.3
91","15.5
80","15.0
299","33.1
104","30.6
165","42.4
46","35.6
192","76.8
34","67.8
18","57.2
40","46.8
32","33.3
217","35.4
261"
57,Alabama,SEC,"129.3
3","102.2
62","54.7
57","47.7
44","13.2
8","13.0
356","32.0
145","33.8
306","35.9
174","36.6
219","75.4
74","67.7
17","57.2
37","48.2
62","35.1
111","31.1
53"
58,Green Bay,Horz,"112.9
108","116.7
315","54.7
58","55.8
335","16.3
136","13.1
354","24.8
343","29.4
120","43.3
33","38.6
259","75.4
76","72.4
187","54.9
74","55.9
312","36.2
62","37.1
330"
59,Wright St.,Horz,"114.7
81","107.8
146","54.6
59","51.9
212","16.3
138","17.2
162","32.1
138","30.9
178","37.1
132","35.7
198","74.5
104","72.0
161","55.2
69","53.2
245","35.7
78","33.0
132"
60,Villanova,BE,"121.1
38","100.2
42","54.5
60","50.9
164","15.3
69","18.7
84","34.7
66","32.6
265","30.9
290","28.6
41","70.7
233","67.6
15","54.0
96","50.1
116","36.7
41","34.8
225"
61,Creighton,BE,"117.9
57","106.7
128","54.5
61","51.3
184","15.9
109","13.7
345","29.1
239","31.1
190","27.7
340","22.8
3","75.2
82","68.4
25","57.3
36","50.2
121","34.3
161","35.7
275"
62,Kansas,B12,"122.1
31","93.9
9","54.5
62","44.5
6","15.1
59","13.5
348","28.3
265","29.4
119","33.9
220","25.9
13","75.8
61","65.7
1","54.5
82","44.7
7","36.2
61","29.4
15"
63,Duquesne,A10,"111.5
127","106.6
125","54.5
63","51.2
176","18.6
282","17.2
167","29.8
215","28.2
69","39.2
86","41.7
313","71.2
218","73.6
263","56.1
54","51.4
172","35.0
115","34.0
179"
64,William & Mary,CAA,"110.0
147","107.5
141","54.4
64","50.8
158","17.6
220","19.7
48","26.4
313","32.6
266","39.1
90","35.3
181","75.5
73","70.5
83","57.6
33","54.4
278","33.6
198","31.0
52"
65,North Florida,ASun,"111.3
130","128.4
365","54.2
65","58.4
362","18.3
268","12.7
361","24.7
344","38.7
361","25.4
361","32.2
100","80.1
3","69.9
60","54.1
94","61.2
364","36.2
64","36.0
283"
66,Cleveland St.,Horz,"111.6
126","121.8
356","54.2
66","55.0
311","18.9
302","14.3
329","28.9
249","38.8
362","43.0
37","34.3
146","76.4
47","77.4
359","50.1
234","58.7
354","38.8
14","33.7
165"
67,Harvard,Ivy,"108.8
173","109.5
189","54.2
67","52.3
230","17.1
189","17.4
150","26.5
309","29.6
131","26.9
350","28.9
45","81.8
2","72.0
159","53.0
128","53.2
246","37.5
26","33.9
174"
68,Colorado,B12,"118.7
53","108.9
176","54.1
68","52.6
241","13.9
19","15.5
276","30.4
194","29.6
128","37.7
122","34.3
147","76.3
49","71.6
145","53.9
103","51.1
157","36.3
56","36.8
321"
69,Columbia,Ivy,"109.7
155","110.7
221","54.1
69","50.6
146","19.4
318","14.2
332","36.9
26","27.1
40","30.7
297","32.7
108","73.3
148","73.0
234","54.0
97","48.1
59","36.2
60","36.7
317"
70,Wisconsin,B10,"122.1
28","102.3
63","54.1
70","50.3
131","13.7
14","14.6
315","29.5
226","25.7
15","36.2
166","33.0
118","77.8
17","72.6
197","56.5
49","51.1
156","34.6
141","32.7
115"
71,George Mason,A10,"112.7
112","105.8
111","54.1
71","48.7
78","15.2
64","16.5
211","31.4
159","27.5
48","48.2
2","29.4
54","72.3
183","70.9
108","56.0
55","49.2
92","33.5
211","32.0
82"
72,UCLA,B10,"120.5
43","101.0
52","54.0
72","48.8
80","14.0
22","18.9
74","31.2
170","31.7
227","36.2
165","36.1
209","76.8
37","75.8
336","52.3
154","52.2
208","38.3
18","29.8
24"
73,Marshall,SB,"109.8
151","109.7
195","54.0
73","47.8
48","17.7
228","16.8
196","33.6
89","32.4
258","29.2
322","40.7
298","73.3
147","71.3
129","53.0
125","47.8
52","36.8
38","32.0
79"
74,Charlotte,Amer,"114.4
86","113.2
265","53.9
74","51.1
172","18.1
254","14.9
306","36.1
41","32.0
241","40.9
60","40.4
293","71.4
210","71.5
141","52.9
135","50.9
150","36.8
39","34.2
190"
75,Robert Morris,Horz,"109.6
157","113.5
269","53.9
75","51.7
203","19.0
303","15.8
260","37.9
12","28.7
81","29.5
317","44.9
341","69.4
278","76.0
339","52.3
157","51.3
165","37.5
27","34.9
229"
76,Oklahoma,SEC,"118.8
52","107.4
140","53.9
76","50.7
149","14.5
34","15.5
277","34.1
75","30.8
173","34.0
217","32.6
104","73.6
139","73.9
272","55.4
66","50.9
148","34.7
137","33.7
166"
77,Kansas St.,B12,"113.2
103","105.5
105","53.9
77","51.5
191","16.9
177","17.0
175","31.6
151","32.7
268","26.4
356","35.1
172","71.7
200","72.8
218","52.8
137","52.7
226","36.9
35","33.0
130"
78,Mercer,SC,"114.2
88","112.1
249","53.9
78","52.6
242","15.6
92","17.3
152","34.0
78","33.8
305","36.6
154","28.3
39","74.7
96","72.7
207","54.9
73","50.6
134","35.0
113","36.9
326"
79,Michigan St.,B10,"119.0
51","91.6
2","53.8
79","46.1
16","18.1
248","16.4
218","39.4
6","22.0
1","37.2
130","29.4
55","74.5
100","74.3
291","54.5
83","46.5
28","35.0
116","30.4
41"
80,Lipscomb,ASun,"108.0
189","110.4
215","53.8
80","52.5
236","15.9
108","18.2
106","25.5
332","30.5
163","27.2
347","31.0
72","76.1
56","72.9
223","53.0
129","53.3
249","36.5
47","34.3
199"
81,Baylor,B12,"120.0
45","106.7
127","53.7
81","49.9
114","16.8
172","15.8
257","38.1
10","32.4
257","36.5
158","28.5
40","71.7
199","74.6
301","53.8
108","48.8
75","35.7
82","34.7
218"
82,Kentucky,SEC,"118.2
55","100.7
49","53.7
82","47.7
45","14.9
51","16.1
238","34.1
77","28.5
75","37.8
117","35.0
167","72.5
179","73.6
262","55.2
68","49.1
87","34.2
168","30.4
42"
83,Georgia,SEC,"120.6
41","102.4
65","53.7
83","47.7
46","14.4
33","19.5
52","36.1
39","35.4
335","39.4
79","29.1
46","75.6
68","68.8
29","58.4
21","47.6
47","31.7
283","31.9
77"
84,Colgate,Pat,"109.0
169","113.7
271","53.7
84","52.6
243","15.1
60","16.0
241","27.1
300","30.1
145","28.1
333","32.7
109","72.8
170","72.7
211","53.8
107","53.0
237","35.7
81","34.7
217"
85,Penn St.,B10,"115.6
74","111.9
246","53.6
85","57.9
360","14.2
27","18.3
101","28.0
272","30.8
176","32.6
255","26.3
16","75.0
92","76.3
342","55.8
60","58.9
356","33.5
209","37.8
344"
86,Oklahoma St.,B12,"116.9
67","105.5
106","53.6
86","51.7
204","16.7
160","17.2
164","31.4
161","29.1
105","38.3
106","32.1
96","75.2
85","70.3
77","54.1
93","52.0
198","35.1
108","34.2
191"
87,Clemson,ACC,"116.5
70","94.1
12","53.6
87","46.0
15","14.8
42","17.8
127","30.1
204","25.7
14","37.8
116","34.9
165","73.1
156","73.4
251","55.6
63","47.5
44","33.9
181","29.3
14"
88,New Mexico,MWC,"116.5
71","98.7
30","53.6
88","47.9
51","15.4
71","19.9
36","29.5
225","27.9
58","35.3
191","31.7
85","75.4
75","73.8
268","54.4
87","51.4
173","35.1
105","29.4
16"
89,Northeastern,CAA,"110.5
139","118.5
333","53.5
89","56.3
343","16.5
151","18.0
117","28.3
268","32.8
271","31.2
287","41.2
309","68.7
297","74.0
277","54.2
92","57.8
346","34.8
124","35.7
274"
90,Tennessee,SEC,"122.1
30","96.2
18","53.5
90","46.9
32","18.5
276","16.8
198","45.2
1","28.6
80","41.8
54","35.5
187","69.2
281","68.9
33","53.9
99","48.9
79","35.1
109","29.7
21"
91,Florida Atlantic,Amer,"112.5
114","105.6
109","53.4
91","50.2
124","18.3
263","17.0
176","32.9
109","29.0
99","33.8
222","37.6
242","71.3
213","73.4
252","54.5
85","48.8
74","34.4
148","35.1
245"
92,UT Rio Grande Valley,Slnd,"107.6
198","106.1
116","53.4
92","48.6
73","18.2
258","17.3
157","27.6
284","32.1
247","27.3
346","37.7
248","74.1
115","71.3
128","52.7
143","49.2
95","36.2
58","31.8
73"
93,UC Davis,BW,"109.8
150","110.3
212","53.3
93","52.7
248","18.2
257","18.7
85","26.5
310","30.7
171","41.9
52","40.1
289","74.5
103","72.2
173","53.0
132","52.7
225","35.7
76","35.2
248"
94,Davidson,A10,"112.2
119","104.6
84","53.3
94","51.8
208","16.4
143","17.8
129","29.8
213","31.3
200","31.7
271","35.2
177","65.9
351","67.2
11","51.8
170","53.6
260","36.8
37","32.6
103"
95,Pacific,WCC,"112.4
117","106.3
120","53.3
95","49.5
95","20.5
346","15.8
262","36.1
40","24.7
8","33.1
239","38.2
254","76.8
36","72.3
178","53.2
119","48.1
60","35.6
86","34.3
201"
96,San Diego St.,MWC,"112.5
115","95.0
14","53.3
96","48.0
55","18.1
251","21.2
16","29.6
219","31.0
186","36.4
162","36.3
211","75.3
77","74.0
274","52.2
159","47.2
37","37.0
34","32.6
102"
97,Idaho St.,BSky,"111.4
129","116.8
316","53.3
97","52.9
254","17.9
239","15.5
279","33.4
96","31.2
195","39.4
82","36.4
213","74.4
106","77.2
356","53.6
112","54.9
288","35.2
102","33.0
133"
98,Utah,B12,"117.9
59","110.4
214","53.3
98","53.6
270","15.5
82","14.5
324","29.1
240","32.9
278","33.8
226","30.3
59","73.3
153","70.5
84","52.4
151","53.9
268","36.6
46","35.3
252"
99,UMBC,AE,"104.4
252","112.6
259","53.2
99","51.4
188","15.5
77","15.0
298","22.9
351","27.7
56","33.7
229","24.8
10","73.6
140","66.8
7","53.8
106","51.2
159","34.9
123","34.4
206"
100,Illinois St.,MVC,"109.5
160","99.6
35","53.2
100","48.0
56","16.4
141","17.2
163","29.5
228","24.3
5","33.3
236","36.0
204","70.0
257","68.3
24","54.5
84","48.5
69","34.3
157","31.3
58"
,,,Adj. Eff.,,Eff. FG%,,Turnover%,,Off. Reb%,,FT Rate,,FT%,,2P%,,3P%,
Rk,Team,Conf,Off.,Def.,Off.,Def.,Off.,Def.,Off.,Def.,Off.,Def.,Off.,Def.,Off.,Def.,Off.,Def.
101,Richmond,A10,"110.5
140","110.5
220","53.1
101","51.5
192","15.1
62","17.4
149","27.5
288","30.7
169","37.8
118","31.0
71","75.1
88","69.5
48","50.4
220","53.5
255","38.0
20","32.8
119"
102,UC San Diego,BW,"108.5
181","105.1
93","53.1
102","48.4
65","15.8
100","16.5
212","27.4
290","29.1
107","30.9
289","31.5
83","68.3
309","69.6
54","54.8
75","47.5
45","33.9
182","33.1
138"
103,Vermont,AE,"107.6
197","113.9
274","53.1
103","51.1
173","14.2
25","13.8
342","26.2
318","23.3
3","30.7
298","37.0
225","73.9
126","73.8
270","55.2
70","50.2
122","33.6
205","34.9
235"
104,Syracuse,ACC,"115.2
77","102.6
67","53.1
104","48.0
57","16.2
130","18.9
77","30.1
203","32.5
264","38.1
112","34.7
160","63.3
363","72.5
196","54.6
81","47.9
54","33.7
194","32.1
84"
105,Youngstown St.,Horz,"107.0
210","109.3
183","53.1
105","51.6
198","19.5
324","18.4
98","33.0
106","32.2
249","32.5
256","41.7
314","72.8
168","75.6
333","55.9
57","50.9
147","33.7
195","35.4
259"
106,Hawaii,BW,"107.2
206","98.7
29","53.0
106","44.2
4","19.4
317","17.3
159","32.1
137","27.0
39","42.2
48","35.6
193","73.5
142","67.0
8","54.7
77","45.4
12","33.6
201","27.6
3"
107,Sam Houston St.,CUSA,"113.9
91","106.9
133","53.0
107","50.9
165","17.0
184","17.6
142","35.7
47","31.4
206","32.6
250","39.0
276","71.2
219","68.8
32","51.8
171","52.0
200","36.7
42","32.9
126"
108,Minnesota,B10,"113.0
104","100.5
45","53.0
108","50.0
115","16.7
161","17.3
155","29.5
224","29.1
106","40.2
69","30.4
61","69.4
276","72.7
212","56.2
53","49.1
86","32.7
240","34.2
195"
109,Auburn,SEC,"125.1
11","103.5
73","53.0
109","51.9
213","14.8
48","17.4
148","37.8
14","32.0
240","47.5
3","34.3
145","73.9
128","75.2
319","55.5
65","51.7
183","32.8
234","34.9
236"
110,Dartmouth,Ivy,"107.0
209","111.1
235","53.0
110","50.5
141","18.1
252","13.7
347","26.0
323","31.3
203","36.9
141","29.2
50","71.3
214","72.9
226","49.4
259","52.3
211","37.8
23","31.8
71"
111,Massachusetts,MAC,"109.5
159","109.3
181","53.0
111","52.5
237","18.1
249","18.2
110","33.0
107","26.3
23","39.2
87","46.0
348","68.2
312","71.7
152","52.7
142","56.3
321","35.7
77","31.5
63"
112,Denver,Sum,"114.1
89","122.8
361","52.9
112","57.0
351","14.8
49","13.2
351","29.6
218","35.3
334","33.7
230","35.3
182","76.7
41","69.0
35","51.4
193","57.1
332","36.8
40","37.9
345"
113,Bowling Green,MAC,"108.7
176","104.7
87","52.9
113","50.9
166","17.0
181","19.9
38","30.3
196","27.2
42","36.5
159","37.5
237","73.1
158","73.1
238","53.0
126","52.6
223","35.1
106","32.3
89"
114,Central Arkansas,ASun,"108.5
182","108.6
159","52.9
114","54.5
299","15.9
106","18.3
103","27.7
281","27.4
46","30.9
292","30.3
60","67.9
322","73.5
259","54.9
72","57.9
347","33.9
179","34.4
207"
115,California,ACC,"113.8
93","101.0
51","52.9
115","47.5
39","14.6
38","16.2
227","26.0
325","31.3
204","38.2
108","35.6
194","78.0
15","67.1
9","50.8
207","50.1
118","37.2
32","29.1
11"
116,North Dakota St.,Sum,"112.9
106","107.9
147","52.9
116","52.2
226","16.1
118","19.8
42","35.0
58","28.8
86","30.4
306","29.1
47","71.4
211","75.6
334","53.0
131","52.0
199","35.1
107","34.9
231"
117,Indiana St.,MVC,"107.7
196","109.5
188","52.8
117","49.7
107","18.7
288","14.7
313","25.4
333","31.4
210","28.9
326","28.6
42","68.7
294","70.1
71","58.2
25","51.1
155","31.0
313","31.4
61"
118,Charleston Southern,BSth,"103.6
262","110.5
217","52.7
118","46.7
24","17.5
210","12.9
358","29.3
234","29.0
102","31.6
273","45.2
345","64.0
362","70.3
79","53.7
109","45.8
18","34.5
147","32.4
95"
119,James Madison,SB,"109.5
162","115.0
287","52.7
119","49.8
112","17.5
212","12.9
359","30.3
199","31.2
197","35.8
177","43.9
331","70.0
258","72.2
175","51.4
188","49.2
96","36.2
63","33.8
169"
120,Florida Gulf Coast,ASun,"108.7
175","114.0
275","52.7
120","53.2
261","16.9
175","16.5
213","31.6
153","30.4
154","30.8
295","40.9
305","73.7
134","75.1
317","51.6
179","52.9
233","36.3
55","35.7
272"
121,South Dakota St.,Sum,"109.4
163","111.2
241","52.7
121","50.8
159","16.7
158","15.7
264","30.5
191","27.6
51","32.1
262","35.2
176","69.5
273","74.3
293","53.8
104","52.4
216","34.0
176","32.6
107"
122,Wake Forest,ACC,"114.8
80","103.8
77","52.6
122","51.9
214","16.1
123","20.1
29","30.3
197","33.8
308","33.0
241","37.6
243","76.7
40","74.1
280","54.0
95","55.5
304","33.8
186","32.0
81"
123,Toledo,MAC,"112.8
109","111.9
245","52.6
123","55.1
317","15.8
105","18.9
76","30.9
179","35.9
338","33.5
232","27.1
25","77.7
20","69.6
50","52.2
161","56.4
322","35.7
75","35.5
264"
124,LIU,NEC,"106.2
223","109.4
185","52.6
124","51.0
170","19.6
327","18.7
88","36.0
44","33.4
292","33.8
225","35.1
171","65.1
358","68.0
22","51.5
182","51.9
194","36.8
36","32.8
120"
125,Montana St.,BSky,"110.0
149","108.0
148","52.6
125","51.6
199","15.8
101","16.0
243","29.2
236","29.4
118","29.5
316","32.1
97","75.2
84","76.8
349","52.8
140","51.5
178","34.9
121","34.5
213"
126,Northern Kentucky,Horz,"108.1
187","109.9
201","52.6
126","54.6
304","16.6
156","19.4
57","32.2
135","32.9
274","34.1
214","38.9
272","73.7
135","69.4
46","55.8
59","53.7
261","32.4
252","37.4
339"
127,Florida,SEC,"125.0
13","93.5
7","52.6
127","46.8
27","16.2
125","15.6
270","43.3
2","22.9
2","39.8
74","34.7
159","69.9
261","71.7
151","58.4
22","45.3
11","28.9
349","33.2
144"
128,St. John's,BE,"121.9
35","97.8
23","52.5
128","47.9
52","15.4
73","20.2
28","38.1
11","32.3
251","42.5
44","33.2
122","73.0
161","73.2
242","52.1
162","47.0
34","35.5
90","33.1
137"
129,Butler,BE,"117.9
61","105.7
110","52.5
129","50.5
142","16.1
120","15.7
263","36.3
36","30.8
172","43.6
27","23.9
6","70.8
230","73.2
243","53.1
122","51.7
185","34.3
159","32.0
80"
130,Navy,Pat,"103.2
270","105.9
115","52.5
130","47.8
49","17.6
216","18.1
114","30.9
180","26.7
33","38.9
95","27.4
27","74.1
117","73.7
267","52.3
153","50.4
129","35.3
97","29.7
20"
131,Purdue Fort Wayne,Horz,"106.0
228","110.8
226","52.5
131","55.0
312","14.0
23","19.8
39","22.1
357","36.2
343","28.2
330","27.7
31","72.5
181","77.9
362","53.2
121","53.9
267","34.5
142","37.7
341"
132,Saint Mary's,WCC,"119.0
50","100.4
44","52.4
132","46.8
28","17.0
180","15.2
289","36.5
30","24.4
6","39.9
72","26.4
17","82.3
1","73.5
255","50.9
205","47.4
41","36.7
43","30.4
40"
133,Arizona St.,B12,"118.0
56","106.9
134","52.4
133","53.5
266","16.4
145","18.9
78","30.0
209","34.0
313","40.3
66","36.0
203","73.6
141","76.5
345","52.5
149","53.7
263","34.9
120","35.4
257"
134,St. Bonaventure,A10,"112.9
107","113.2
266","52.4
134","54.0
287","16.5
149","18.1
112","34.7
68","30.1
144","29.9
312","34.4
153","75.8
63","76.5
344","51.4
190","54.0
273","36.3
54","36.1
291"
135,Houston,B12,"127.7
4","93.8
8","52.4
135","46.5
19","12.9
5","23.3
3","37.4
19","32.1
243","26.5
353","38.7
266","78.0
14","67.9
20","52.8
136","45.8
19","34.6
138","31.7
69"
136,Portland St.,BSky,"103.7
261","101.1
55","52.3
136","47.3
38","18.6
283","18.8
81","31.3
168","28.5
77","35.7
181","46.1
349","70.5
242","75.3
322","52.9
134","49.1
88","34.2
165","29.6
19"
137,Utah Tech,WAC,"107.9
191","110.1
206","52.3
137","50.8
160","18.2
260","18.0
121","28.8
252","34.3
320","29.1
323","35.5
191","71.0
226","73.5
256","53.5
113","54.0
272","33.6
200","29.7
22"
138,Notre Dame,ACC,"113.9
92","105.2
96","52.3
138","50.5
143","17.1
186","14.0
336","32.2
133","25.2
11","34.1
212","34.4
152","69.9
265","74.1
283","52.0
166","52.9
232","35.2
103","31.8
74"
139,Wyoming,MWC,"113.7
98","106.8
130","52.3
139","50.8
161","17.5
207","16.9
182","35.1
57","26.5
25","39.5
78","47.2
355","74.5
102","70.8
102","54.4
88","52.1
202","33.0
228","32.4
96"
140,Northwestern,B10,"117.8
62","105.1
94","52.3
140","49.1
85","12.8
4","16.3
222","29.2
238","33.1
285","36.9
140","35.9
200","74.3
111","72.5
193","54.6
80","50.4
127","32.0
269","31.4
60"
141,Drake,MVC,"109.8
152","112.8
262","52.3
141","52.4
234","14.6
36","14.9
303","26.3
315","29.2
110","36.0
172","33.9
137","71.6
203","67.5
14","51.6
181","51.0
152","35.3
100","36.1
292"
142,San Francisco,WCC,"114.3
87","106.1
118","52.3
142","49.0
83","16.3
133","13.7
346","32.7
116","27.7
54","38.4
104","30.8
67","69.2
282","72.3
181","51.3
194","49.2
97","35.6
87","32.4
93"
143,Stephen F. Austin,Slnd,"111.8
124","100.6
48","52.3
143","45.3
11","14.8
45","17.2
161","34.7
67","29.6
122","29.4
320","33.0
119","66.9
338","71.8
154","50.6
214","46.0
22","36.5
48","29.3
12"
144,Oakland,Horz,"115.7
73","112.5
256","52.3
144","54.0
288","14.4
32","14.9
302","31.0
177","34.0
310","40.3
67","23.5
5","74.7
97","72.5
192","52.6
144","57.3
337","34.5
146","32.7
116"
145,West Virginia,B12,"111.0
133","98.7
27","52.2
145","48.1
58","17.3
199","17.8
131","30.7
185","26.7
34","36.5
157","27.2
26","68.6
299","72.6
203","51.4
189","45.7
17","35.5
91","34.6
215"
146,Sacred Heart,MAAC,"106.6
215","118.3
329","52.2
146","54.5
300","18.4
272","15.5
280","29.2
235","30.7
168","30.3
308","29.5
56","77.8
19","70.0
64","49.9
242","56.1
318","36.3
57","35.1
244"
147,Idaho,BSky,"109.6
156","108.7
163","52.1
147","51.7
205","15.3
67","15.9
249","27.9
278","26.7
35","38.0
114","39.7
282","74.2
113","73.0
232","52.2
160","51.4
176","34.7
136","34.9
232"
148,Troy,SB,"112.8
110","110.1
209","52.1
148","51.3
185","16.6
155","17.8
130","33.3
98","31.9
235","35.5
186","33.4
125","73.1
157","69.2
40","52.8
138","51.4
174","34.2
166","34.1
186"
149,USC,B10,"114.8
79","99.5
34","52.1
149","47.6
41","17.5
213","16.8
194","33.0
105","31.4
208","48.3
1","34.5
154","72.2
184","76.7
348","53.9
98","50.2
123","32.4
253","29.4
17"
150,Rhode Island,A10,"106.8
213","103.8
78","52.0
150","51.2
177","19.1
308","21.7
13","32.8
114","31.1
188","39.1
91","43.4
325","72.1
185","70.6
92","55.8
58","49.2
94","31.3
303","35.9
281"
,,,Adj. Eff.,,Eff. FG%,,Turnover%,,Off. Reb%,,FT Rate,,FT%,,2P%,,3P%,
Rk,Team,Conf,Off.,Def.,Off.,Def.,Off.,Def.,Off.,Def.,Off.,Def.,Off.,Def.,Off.,Def.,Off.,Def.
151,Weber St.,BSky,"110.3
142","113.8
273","51.9
151","54.0
289","16.5
148","17.3
154","32.3
129","29.0
100","40.5
63","38.7
263","70.7
235","73.0
236","50.8
209","56.7
328","35.9
68","33.0
131"
152,Nebraska Omaha,Sum,"105.1
240","111.5
242","51.9
152","52.5
238","16.9
174","14.9
305","26.4
312","29.3
115","35.8
179","34.1
143","71.7
201","74.4
296","53.5
115","55.4
301","33.1
225","32.7
118"
153,Le Moyne,NEC,"102.8
277","112.5
257","51.9
153","49.5
96","19.0
304","15.5
281","26.6
308","31.5
215","39.9
73","34.0
140","71.8
197","74.1
282","51.5
184","46.2
25","35.0
117","36.6
312"
154,Delaware,CUSA,"101.6
301","112.3
252","51.9
154","50.0
116","18.6
284","14.2
331","22.2
356","30.4
157","28.2
328","29.2
53","74.3
110","76.8
351","50.3
226","49.0
81","35.9
71","34.3
200"
155,Kent St.,MAC,"109.7
154","107.5
143","51.8
155","52.2
227","19.4
320","15.9
255","37.1
23","29.2
108","44.2
18","37.4
234","75.0
91","72.5
191","52.1
164","51.8
188","34.3
158","35.2
250"
156,South Carolina,SEC,"113.3
100","105.2
98","51.8
156","50.3
132","14.6
37","14.5
322","27.7
282","31.1
191","36.8
146","33.5
127","78.5
13","71.9
155","55.3
67","52.1
201","31.5
296","31.2
56"
157,TCU,B12,"112.9
105","100.0
40","51.8
157","50.1
120","15.8
102","19.7
46","32.3
128","29.6
123","36.8
145","32.2
99","72.0
191","70.9
109","52.8
139","49.3
98","33.4
215","34.2
193"
158,Siena,MAAC,"108.5
180","110.0
204","51.8
158","50.0
117","15.8
99","18.3
102","33.2
102","28.2
67","32.7
249","26.9
23","74.3
112","72.9
225","53.7
110","50.7
139","31.8
278","32.6
109"
159,Dayton,A10,"109.3
165","101.4
57","51.8
159","51.4
189","17.1
190","22.9
4","26.7
305","31.3
202","47.4
5","33.9
136","76.0
59","69.7
55","53.9
101","49.5
103","32.6
242","36.0
285"
160,Chattanooga,SC,"102.3
285","115.4
295","51.7
160","52.0
220","14.4
31","14.3
328","21.0
364","31.9
239","32.9
246","42.5
321","76.7
39","71.5
137","52.5
147","52.5
219","33.9
184","34.3
202"
161,IU Indy,Horz,"106.6
216","118.1
327","51.7
161","58.5
363","15.9
113","20.0
33","28.9
250","37.5
356","21.3
365","46.4
351","71.8
198","75.9
338","54.7
79","58.1
349","31.8
276","39.4
361"
162,Hofstra,CAA,"114.7
82","109.7
193","51.7
162","47.7
47","16.8
171","14.9
304","35.2
54","32.3
252","31.4
280","36.0
205","76.5
44","72.8
216","47.8
298","45.9
21","38.0
21","33.6
159"
163,Virginia Tech,ACC,"114.7
83","102.1
61","51.7
163","49.6
102","14.5
35","18.4
95","32.2
131","33.4
295","37.3
129","27.0
24","72.5
180","74.5
298","51.6
178","53.2
247","34.5
143","29.5
18"
164,Wofford,SC,"110.0
148","114.9
286","51.6
164","53.0
256","14.0
20","15.3
284","31.5
154","30.5
161","37.0
139","35.2
174","72.6
174","77.0
355","50.7
213","52.5
220","35.3
99","35.9
279"
165,Lehigh,Pat,"100.4
313","112.4
254","51.6
165","50.9
167","18.2
261","17.7
136","22.1
359","34.3
321","31.7
270","34.8
164","73.5
143","73.3
245","50.6
216","50.6
137","35.4
95","34.4
205"
166,Iona,MAAC,"102.1
289","107.7
144","51.6
166","48.6
74","16.9
176","16.9
181","26.0
322","32.3
256","28.1
331","27.8
33","69.8
268","70.4
81","50.5
218","51.0
153","35.4
96","30.0
29"
167,Radford,BSth,"107.9
193","115.1
291","51.6
167","53.5
267","16.8
173","18.6
91","29.1
242","32.8
270","42.5
45","43.8
330","72.1
188","71.5
140","52.6
145","53.0
238","33.6
199","36.2
297"
168,Northern Arizona,BSky,"105.6
235","118.4
331","51.5
168","56.1
338","16.6
157","17.0
174","24.3
346","33.5
299","31.2
286","30.9
69","68.9
285","74.2
287","49.8
248","54.2
277","36.5
49","39.0
357"
169,Eastern Kentucky,ASun,"109.0
168","119.1
340","51.5
169","55.2
321","17.6
218","14.7
311","32.9
110","31.7
225","29.0
325","38.8
270","72.0
192","73.1
239","50.8
211","57.3
338","34.8
130","34.6
216"
170,South Alabama,SB,"103.7
260","108.3
151","51.5
170","48.6
75","13.6
13","18.4
94","26.0
320","32.3
255","39.6
77","20.8
2","65.9
350","72.8
222","53.4
117","50.9
149","31.8
277","31.5
65"
171,Boise St.,MWC,"115.9
72","102.7
68","51.5
171","52.2
228","16.6
153","15.9
250","31.4
163","23.5
4","44.2
19","35.5
186","76.3
50","70.3
76","51.9
168","52.1
203","33.9
183","34.9
233"
172,American,Pat,"105.0
242","109.8
197","51.4
172","53.0
257","16.6
154","19.1
69","25.6
331","31.3
205","28.1
334","44.0
333","77.1
30","72.3
177","53.2
120","53.8
265","32.8
233","34.4
210"
173,Cal Poly,BW,"107.3
204","115.0
289","51.4
173","55.1
318","21.1
354","16.4
220","30.6
187","30.5
162","37.9
115","35.6
195","76.1
57","72.4
186","52.8
141","56.5
323","33.5
213","35.4
260"
174,UNLV,MWC,"111.5
128","108.1
150","51.4
174","52.5
239","17.5
214","18.4
97","31.5
158","32.4
259","44.1
20","45.8
346","67.9
320","72.1
171","53.0
130","52.8
228","32.3
258","34.7
221"
175,South Florida,Amer,"117.0
66","104.8
88","51.3
175","49.2
90","15.9
111","18.2
107","37.8
15","31.9
233","43.8
22","41.8
315","73.8
131","70.7
96","52.1
163","47.2
38","33.5
210","35.0
243"
176,UNC Asheville,BSth,"104.0
256","110.2
211","51.3
176","51.4
190","18.0
243","15.7
267","29.6
222","31.3
201","40.9
61","38.9
271","70.0
259","68.6
28","49.5
256","53.0
240","36.6
45","32.4
92"
177,Eastern Washington,BSky,"109.5
161","114.5
283","51.2
177","56.6
347","18.5
279","16.6
210","31.5
156","32.7
269","33.5
233","37.3
232","75.1
90","76.7
347","50.4
224","57.4
341","35.2
101","36.9
325"
178,Loyola Marymount,WCC,"103.4
265","104.7
85","51.2
178","48.4
66","18.6
286","17.0
178","26.8
303","32.9
280","30.8
294","31.8
87","67.8
323","74.7
306","50.4
221","46.8
33","34.8
127","34.1
184"
179,Xavier,BE,"113.7
96","106.1
117","51.1
179","53.2
262","14.3
28","17.0
173","26.2
317","29.0
104","28.1
335","32.7
110","70.7
234","68.5
27","48.9
278","54.0
274","36.2
59","34.5
212"
180,Ohio,MAC,"107.1
208","110.7
223","51.1
180","52.6
244","16.7
164","17.5
145","29.3
233","33.4
296","37.1
133","37.5
236","70.5
244","72.8
219","55.2
71","51.7
184","29.7
342","36.2
301"
181,Northern Iowa,MVC,"103.9
258","96.9
21","51.1
181","46.2
17","14.8
43","17.6
138","21.1
363","26.1
20","26.3
357","31.2
77","66.9
339","70.3
78","52.9
133","50.2
124","32.3
259","26.7
2"
182,Houston Christian,Slnd,"105.6
236","119.8
346","51.1
182","56.2
342","19.0
305","17.3
158","30.9
181","32.9
275","37.2
131","30.6
64","68.7
296","72.1
170","50.6
217","56.8
329","34.7
134","36.9
327"
183,Southeast Missouri St.,OVC,"102.5
281","111.1
232","51.1
183","51.9
215","17.2
192","19.3
61","29.4
230","27.6
52","36.7
149","49.6
362","67.3
333","74.1
285","53.5
116","50.7
140","31.3
304","36.1
294"
184,Cal St. Northridge,BW,"108.5
179","108.6
160","51.0
184","51.8
209","18.3
262","15.7
268","32.4
123","25.9
17","37.0
138","36.5
214","66.3
344","75.3
325","52.3
156","51.4
175","32.4
255","34.8
226"
185,Grambling St.,SWAC,"102.2
286","108.9
175","51.0
185","51.5
193","22.1
358","20.7
20","30.6
189","34.0
311","46.3
6","42.4
320","71.6
204","73.3
249","50.8
210","52.1
204","34.2
163","33.6
161"
186,DePaul,BE,"107.9
192","100.5
46","50.9
186","48.1
59","17.9
238","18.1
115","29.6
221","30.9
180","38.0
113","37.7
247","69.9
262","71.5
142","51.0
203","46.1
24","33.9
180","34.7
219"
187,Penn,Ivy,"108.7
174","109.2
180","50.9
187","52.5
240","16.1
121","16.3
224","31.1
173","30.9
179","36.6
153","28.2
36","69.7
271","69.0
37","46.5
328","54.7
285","39.4
10","32.7
111"
188,FIU,CUSA,"108.4
183","108.6
158","50.8
188","52.7
249","17.1
191","20.3
25","32.7
117","36.4
347","40.3
65","35.4
185","68.0
317","70.1
72","50.2
231","52.6
224","34.6
139","35.2
249"
189,San Diego,WCC,"108.3
185","109.4
186","50.8
189","53.9
280","17.7
230","20.1
30","28.7
257","36.5
349","27.5
345","38.9
274","76.1
58","71.3
126","51.4
187","57.2
334","33.3
216","32.7
117"
190,Charleston,CAA,"108.1
188","109.3
182","50.8
190","50.2
125","16.0
114","13.9
340","31.1
172","31.5
212","44.0
21","26.3
15","73.8
133","67.4
12","54.4
89","50.6
135","30.1
335","33.1
140"
191,Cal St. Fullerton,BW,"106.3
220","109.4
187","50.8
191","55.6
332","15.6
89","19.9
37","25.2
338","30.2
150","39.4
83","35.9
199","69.5
274","74.8
308","51.6
180","57.2
333","33.1
222","35.9
280"
192,Middle Tennessee,CUSA,"107.8
194","105.3
101","50.8
192","49.7
108","17.5
209","14.5
326","29.7
217","28.8
90","29.7
314","35.2
179","66.7
342","72.9
228","49.6
254","50.1
119","34.8
131","32.6
105"
193,Bradley,MVC,"111.1
131","108.9
174","50.8
193","52.7
250","13.5
12","20.0
32","27.7
283","28.5
78","36.0
173","37.0
224","74.1
118","70.1
68","49.0
275","51.3
168","35.6
83","36.6
311"
194,Pittsburgh,ACC,"112.6
113","106.2
119","50.8
194","52.1
222","17.2
193","16.8
193","34.8
64","28.2
65","30.9
291","34.0
142","66.1
346","76.5
346","50.8
212","51.9
195","33.8
190","34.9
234"
195,Tennessee Martin,OVC,"101.0
305","106.8
129","50.7
195","45.8
13","22.0
357","18.7
89","37.1
22","31.1
187","42.1
50","37.1
227","67.7
329","66.2
4","53.6
111","47.8
51","31.6
288","28.6
9"
196,Wagner,NEC,"104.6
249","120.5
350","50.7
196","51.5
194","18.4
273","14.7
312","32.4
126","31.3
199","31.4
281","43.7
329","70.1
255","72.8
221","47.1
320","49.5
106","38.0
22","36.5
308"
197,Presbyterian,BSth,"103.9
257","112.9
263","50.7
197","51.1
174","19.7
328","15.1
294","34.0
81","30.2
146","39.4
80","37.6
241","67.8
324","71.4
136","52.1
165","49.8
110","31.6
292","35.6
269"
198,New Orleans,Slnd,"111.8
123","114.2
278","50.7
198","49.7
109","20.9
351","14.0
338","35.5
52","34.6
325","43.3
31","39.6
281","75.2
81","72.9
224","50.2
230","49.6
107","34.3
160","33.2
142"
199,Stony Brook,CAA,"106.1
227","108.9
170","50.7
199","50.5
144","16.8
169","16.7
201","28.9
248","31.9
237","28.9
327","34.2
144","70.5
241","72.0
164","47.8
301","48.8
77","36.1
65","35.4
256"
200,Central Connecticut,NEC,"105.6
237","118.8
337","50.7
200","51.2
178","15.9
110","14.5
325","27.1
299","31.7
231","30.4
305","26.4
18","75.5
72","74.4
294","49.0
273","50.4
131","35.8
74","34.9
230"
,,,Adj. Eff.,,Eff. FG%,,Turnover%,,Off. Reb%,,FT Rate,,FT%,,2P%,,3P%,
Rk,Team,Conf,Off.,Def.,Off.,Def.,Off.,Def.,Off.,Def.,Off.,Def.,Off.,Def.,Off.,Def.,Off.,Def.
201,Temple,Amer,"112.4
118","110.1
208","50.7
201","50.3
133","14.0
21","16.1
237","30.0
208","31.4
209","43.8
23","32.1
95","75.3
78","71.3
127","49.8
243","51.3
166","34.8
129","32.5
98"
202,Portland,WCC,"105.9
232","108.8
164","50.7
202","53.2
263","19.2
316","17.7
137","28.4
264","32.4
261","35.2
194","35.1
170","72.6
175","75.7
335","53.9
102","52.6
222","30.1
333","36.0
287"
203,Winthrop,BSth,"112.4
116","111.8
244","50.6
203","51.7
206","14.4
29","17.1
168","34.9
63","29.0
97","42.6
42","38.2
252","73.2
155","74.0
275","50.1
232","53.0
239","34.1
172","33.3
147"
204,Missouri St.,CUSA,"109.3
166","108.8
165","50.6
204","51.2
179","17.6
221","18.0
119","32.3
130","33.6
300","45.4
8","39.8
283","67.2
334","72.7
214","53.1
123","51.1
158","31.4
300","34.2
197"
205,South Dakota,Sum,"107.7
195","118.1
326","50.6
205","56.5
346","17.4
205","16.5
214","31.3
166","31.6
220","44.7
14","31.1
73","75.2
86","73.0
230","50.4
222","58.9
357","34.1
173","34.1
187"
206,UNC Wilmington,CAA,"110.7
135","108.9
168","50.6
206","47.5
40","15.1
58","15.0
296","36.0
43","26.6
29","45.1
9","28.2
35","70.6
238","72.6
200","50.0
240","50.7
143","34.4
151","28.8
10"
207,Grand Canyon,MWC,"110.3
141","95.9
17","50.6
207","46.8
29","17.6
215","18.1
113","32.1
139","26.4
24","38.5
102","37.7
245","75.2
79","72.8
217","53.5
114","47.2
36","30.6
323","30.7
46"
208,McNeese St.,Slnd,"114.9
78","105.4
104","50.6
208","49.6
103","15.1
63","24.1
2","37.0
25","36.4
346","38.5
103","42.7
323","76.8
35","71.9
156","52.5
148","48.0
55","31.3
302","34.3
204"
209,Austin Peay,ASun,"106.0
231","104.8
89","50.6
209","50.9
168","15.7
95","19.8
41","29.2
237","29.7
133","36.1
169","32.7
106","73.0
163","68.8
30","50.8
208","52.8
230","33.5
208","32.3
90"
210,Nevada,MWC,"119.7
46","105.2
100","50.5
210","50.8
162","13.7
16","17.4
146","32.1
140","28.9
94","44.4
17","39.2
277","75.8
62","72.6
198","46.5
329","50.8
146","39.4
9","33.9
173"
211,Bethune Cookman,SWAC,"104.3
253","108.0
149","50.5
211","50.9
169","18.7
290","16.2
234","28.0
275","32.1
246","38.2
111","39.0
275","69.4
277","72.3
180","50.1
233","51.2
160","34.2
167","33.6
162"
212,Samford,SC,"106.3
219","117.3
321","50.5
212","53.1
260","12.5
2","13.1
352","26.0
324","27.3
44","42.8
39","33.7
131","67.5
330","76.1
341","51.1
201","51.5
179","33.2
221","37.3
338"
213,Western Michigan,MAC,"108.6
178","118.7
335","50.5
213","53.9
281","17.7
226","13.8
343","31.5
155","31.0
185","32.2
259","37.2
229","71.9
196","70.9
110","49.9
241","55.1
297","34.4
153","35.0
241"
214,Tulane,Amer,"108.7
177","110.8
227","50.4
214","51.2
180","15.2
66","17.9
122","22.3
355","35.9
339","45.0
11","38.0
251","77.0
32","69.6
51","51.7
176","50.4
130","32.5
248","34.9
237"
215,Georgia Tech,ACC,"107.9
190","105.2
99","50.4
215","47.1
34","18.8
295","15.1
292","31.3
167","29.6
125","35.8
176","32.7
107","69.4
275","69.1
39","48.6
283","48.3
65","36.4
52","30.3
36"
216,Mississippi St.,SEC,"111.9
122","102.4
66","50.4
216","48.5
70","16.3
135","13.1
353","32.2
132","29.3
113","32.3
257","32.3
101","68.7
293","74.1
284","53.0
124","50.6
136","30.9
321","30.2
34"
217,Drexel,CAA,"103.0
273","105.0
92","50.4
217","46.6
21","18.6
285","17.0
177","32.2
134","30.9
177","29.9
311","35.9
201","64.6
361","74.0
278","48.2
291","47.4
42","35.7
79","30.0
27"
218,Washington,B10,"116.9
69","100.1
41","50.4
218","49.1
86","15.2
65","15.0
297","35.3
53","28.8
85","32.1
261","31.9
90","77.5
22","72.0
160","51.7
174","50.1
117","31.8
281","31.6
68"
219,Florida St.,ACC,"113.8
94","105.5
108","50.4
219","52.6
245","16.3
140","19.8
43","32.8
113","33.0
282","34.0
219","34.7
161","71.2
220","73.1
240","54.2
91","54.0
271","31.2
306","33.9
176"
220,Mississippi,SEC,"113.2
102","103.5
72","50.3
220","49.1
87","14.6
39","17.4
147","30.5
193","32.9
277","34.2
209","41.6
312","73.8
132","69.1
38","49.8
244","49.0
82","34.1
171","32.8
122"
221,Loyola MD,Pat,"103.2
269","120.7
352","50.3
221","55.2
322","17.3
201","16.0
245","28.9
247","30.2
149","32.2
260","31.8
86","70.5
247","72.8
220","51.5
183","58.2
350","32.6
244","33.5
155"
222,Arkansas St.,SB,"110.3
144","110.9
230","50.3
222","52.0
221","20.0
336","14.8
310","37.0
24","27.0
38","37.8
119","38.2
253","76.3
51","71.6
146","53.0
127","53.5
254","31.3
305","32.9
128"
223,Nicholls St.,Slnd,"105.2
238","110.8
228","50.3
223","54.7
306","17.4
206","21.7
12","27.6
285","35.1
331","35.4
190","40.8
302","66.1
347","76.9
354","49.4
262","55.9
314","34.3
154","35.1
246"
224,Central Michigan,MAC,"104.9
243","114.7
284","50.2
224","54.5
301","18.0
246","16.0
247","29.1
241","34.1
315","30.5
301","41.0
308","70.2
254","69.3
42","51.1
200","54.9
289","32.2
263","36.0
286"
225,Marist,MAAC,"100.4
314","99.8
37","50.2
225","44.5
7","17.1
187","20.3
24","27.4
291","27.5
50","26.9
349","39.3
279","79.1
7","70.9
105","52.3
152","45.5
13","30.9
317","28.4
5"
226,Appalachian St.,SB,"104.7
247","105.4
103","50.2
226","46.4
18","15.6
88","14.6
317","30.6
186","29.6
126","34.7
199","33.2
123","63.1
364","70.7
100","52.2
158","46.5
29","31.9
275","30.9
50"
227,Long Beach St.,BW,"106.3
221","112.6
258","50.2
227","54.5
302","17.7
223","17.7
135","28.0
276","28.4
73","29.8
313","42.5
322","72.8
171","75.8
337","51.7
177","55.2
300","31.5
294","35.6
270"
228,Mount St. Mary's,MAAC,"98.2
343","109.8
198","50.2
228","48.3
64","22.9
363","15.0
301","30.5
192","29.6
127","34.6
201","37.3
231","68.1
313","74.7
305","51.1
197","46.5
30","32.7
241","33.6
163"
229,Army,Pat,"103.4
266","120.6
351","50.2
229","55.3
325","16.8
166","14.6
320","29.3
232","27.5
49","27.8
338","36.6
220","70.5
246","75.3
323","50.1
239","55.7
310","33.6
204","36.5
309"
230,Stetson,ASun,"101.6
299","116.1
308","50.1
230","55.5
331","18.7
289","15.8
258","26.3
314","31.7
232","33.4
235","30.5
63","68.9
286","72.1
169","51.1
198","59.2
359","32.6
245","33.6
164"
231,Campbell,CAA,"110.5
138","114.8
285","50.1
231","56.6
348","18.3
265","17.1
171","32.6
120","31.9
236","44.8
13","38.6
258","71.3
216","74.9
312","51.5
185","56.1
317","32.0
268","38.4
354"
232,UNC Greensboro,SC,"106.2
222","121.0
353","50.1
232","56.3
344","15.5
78","13.0
357","28.4
262","29.9
140","43.2
35","30.7
65","68.0
318","70.5
87","49.7
252","55.9
313","33.8
193","37.8
343"
233,Oregon St.,WCC,"107.2
205","110.1
207","50.0
233","50.4
137","18.2
259","15.9
253","25.2
339","32.9
281","44.4
16","36.0
202","77.4
25","74.1
279","48.7
279","51.4
177","34.4
150","32.6
106"
234,Georgetown,BE,"114.5
85","105.2
97","50.0
234","49.1
88","14.4
30","16.2
226","32.0
143","31.0
184","39.2
84","35.5
188","74.6
98","74.2
286","50.4
223","47.5
46","32.8
235","34.4
211"
235,Little Rock,OVC,"100.8
308","116.6
312","50.0
235","55.0
313","20.2
343","20.3
26","31.2
169","36.7
350","28.0
337","31.4
81","68.8
290","69.6
52","48.6
284","55.4
302","35.5
89","36.3
305"
236,Incarnate Word,Slnd,"106.9
212","115.0
288","49.9
236","54.1
290","16.8
170","16.8
191","31.5
157","32.1
245","34.5
203","44.2
337","69.6
272","73.3
250","47.8
299","56.1
319","35.6
84","33.6
160"
237,UMass Lowell,AE,"101.7
297","115.5
299","49.9
237","53.8
276","19.8
332","14.8
309","31.3
165","29.7
132","35.6
184","29.8
57","65.6
354","75.0
316","50.3
228","54.1
276","32.6
246","35.5
266"
238,Kennesaw St.,CUSA,"109.5
158","108.9
173","49.9
238","47.6
42","17.4
203","15.6
271","36.9
28","30.7
167","45.9
7","47.2
354","70.9
227","73.5
257","50.3
227","45.1
10","32.9
231","34.4
209"
239,Northwestern St.,Slnd,"104.7
245","116.7
314","49.9
239","55.6
333","18.8
299","17.0
179","26.0
326","34.4
323","41.2
58","40.8
301","74.4
107","70.9
106","49.4
263","56.0
315","33.8
189","36.6
314"
240,Stanford,ACC,"114.1
90","103.6
74","49.9
240","51.8
210","16.2
128","19.0
71","33.5
92","29.3
112","39.4
81","41.6
311","71.9
193","75.1
318","48.9
277","52.4
217","34.2
164","33.8
170"
241,Seattle,WCC,"101.9
294","96.6
20","49.8
241","48.2
62","17.2
195","21.8
11","24.8
342","33.5
298","32.7
248","33.6
129","69.9
263","72.6
201","49.7
249","49.0
83","33.2
219","31.2
54"
242,Fresno St.,MWC,"103.4
264","101.3
56","49.8
242","50.2
126","19.6
325","19.8
45","28.8
251","29.7
134","33.8
223","28.7
43","75.8
65","71.6
147","51.4
186","55.8
311","31.7
282","28.5
7"
243,Southern Illinois,MVC,"103.0
275","100.7
50","49.8
243","48.6
76","17.7
224","18.2
109","29.8
212","28.8
89","35.6
183","34.6
158","66.7
343","70.2
75","52.5
146","50.7
141","28.5
353","30.2
35"
244,Holy Cross,Pat,"100.3
315","116.6
313","49.8
244","55.0
314","16.1
117","14.8
307","21.5
362","28.5
79","29.5
318","28.2
38","74.0
123","73.0
233","50.3
225","58.0
348","32.8
236","33.7
167"
245,Southern Utah,WAC,"103.9
259","113.5
270","49.8
245","53.9
282","20.2
342","14.7
314","27.3
292","34.6
326","31.6
274","28.2
37","72.1
186","70.6
93","51.0
204","51.7
186","31.7
286","39.2
360"
246,Quinnipiac,MAAC,"106.0
230","108.5
156","49.8
246","49.8
113","15.8
104","17.7
134","32.6
118","32.9
273","31.5
277","30.7
66","70.4
248","72.5
195","48.5
286","47.7
49","35.0
112","35.7
273"
247,Wichita St.,Amer,"113.2
101","105.3
102","49.8
247","48.1
60","15.0
57","16.1
239","39.1
7","30.0
142","37.0
135","34.0
141","68.8
288","70.5
86","47.9
295","49.1
89","35.6
85","30.8
47"
248,Texas Southern,SWAC,"102.9
276","117.2
320","49.7
248","55.3
326","18.8
296","15.8
259","27.6
287","31.5
214","40.0
71","46.0
347","70.8
231","72.4
189","49.3
265","57.6
344","33.5
214","34.7
220"
249,Albany,AE,"102.7
278","115.6
300","49.7
249","53.3
264","18.7
291","15.6
273","32.0
144","33.6
301","25.6
359","35.6
196","64.9
360","75.2
321","51.9
169","53.6
259","30.6
324","35.3
255"
250,North Carolina A&T,CAA,"104.6
248","115.2
294","49.6
250","51.6
200","18.8
293","14.0
337","32.4
124","27.4
45","44.6
15","38.8
267","74.4
105","68.5
26","51.2
196","49.8
111","31.0
315","36.5
310"
,,,Adj. Eff.,,Eff. FG%,,Turnover%,,Off. Reb%,,FT Rate,,FT%,,2P%,,3P%,
Rk,Team,Conf,Off.,Def.,Off.,Def.,Off.,Def.,Off.,Def.,Off.,Def.,Off.,Def.,Off.,Def.,Off.,Def.
251,Eastern Michigan,MAC,"103.3
267","106.5
124","49.6
251","50.4
138","17.7
225","16.8
195","28.7
254","29.0
103","31.2
285","33.6
130","72.8
169","73.3
248","49.5
257","51.0
154","33.1
224","32.8
123"
252,Niagara,MAAC,"98.8
336","117.1
318","49.6
252","53.5
268","18.4
274","16.6
209","24.4
345","32.2
250","25.1
362","35.1
173","70.2
253","78.1
364","49.0
274","53.8
266","33.6
202","35.3
254"
253,Jacksonville St.,CUSA,"106.1
225","108.5
155","49.6
253","49.5
97","18.0
241","16.4
217","30.3
195","29.6
129","43.4
30","36.1
206","68.1
314","75.3
324","48.3
289","49.7
109","34.4
149","32.9
127"
254,Georgia Southern,SB,"107.5
199","116.2
309","49.5
254","51.9
216","14.6
40","19.1
65","29.4
229","35.6
336","42.2
49","40.6
295","71.9
194","73.0
235","52.3
155","52.9
231","30.9
318","33.5
156"
255,Oregon,B10,"114.5
84","105.9
113","49.5
255","51.3
186","18.1
253","15.6
272","35.0
59","31.9
234","35.7
182","31.9
88","71.4
209","77.6
361","50.1
236","50.7
142","32.4
256","34.8
227"
256,North Dakota,Sum,"107.5
200","115.9
307","49.5
256","57.3
353","14.8
47","20.3
23","28.6
260","31.7
230","36.5
161","47.1
353","68.1
315","70.6
94","49.1
270","57.6
345","33.5
207","37.9
346"
257,Tennessee St.,OVC,"106.2
224","117.1
319","49.5
257","52.6
246","16.8
168","19.5
53","33.7
88","31.2
194","31.8
268","43.6
328","72.6
176","74.7
303","50.1
237","52.9
234","32.1
264","34.8
228"
258,Longwood,BSth,"102.5
282","112.4
253","49.5
258","53.9
283","20.1
341","19.7
50","34.2
74","28.7
83","40.0
70","40.2
291","75.7
67","69.7
56","51.9
167","56.1
316","30.0
336","33.9
177"
259,Western Carolina,SC,"108.9
171","118.7
334","49.4
259","56.1
339","17.9
236","14.2
330","33.9
84","28.2
66","30.5
303","42.0
318","69.3
280","73.4
253","49.8
247","55.1
298","32.5
251","38.1
351"
260,Marquette,BE,"111.6
125","104.7
86","49.4
260","52.1
223","15.6
91","19.1
67","31.4
160","33.7
303","34.0
218","31.5
82","66.9
340","76.8
353","51.1
199","52.8
229","31.4
299","33.9
175"
261,Milwaukee,Horz,"106.1
226","114.0
276","49.4
261","55.1
319","15.1
61","16.1
240","33.8
86","30.4
153","30.8
296","36.5
218","67.8
327","73.6
265","50.3
229","55.7
309","31.9
274","36.2
299"
262,Jacksonville,ASun,"100.9
306","112.2
251","49.4
262","55.2
323","18.8
294","16.0
248","30.1
206","28.9
96","30.5
302","42.2
319","70.0
260","70.5
85","51.4
192","54.8
287","31.0
312","37.2
337"
263,Loyola Chicago,A10,"104.7
246","115.7
301","49.3
263","52.3
231","19.7
329","12.6
363","32.9
108","31.0
183","34.2
211","34.5
156","68.0
316","78.8
365","51.8
173","48.7
73","31.0
316","38.0
350"
264,New Mexico St.,CUSA,"110.8
134","112.0
247","49.3
264","49.5
98","15.7
94","15.1
290","33.3
101","28.8
88","34.2
210","46.6
352","73.9
125","75.4
326","48.4
288","50.0
115","33.7
196","32.6
108"
265,UC Riverside,BW,"103.0
274","113.3
268","49.2
265","53.8
277","20.4
345","15.6
275","28.7
256","31.7
229","36.1
170","38.4
255","72.4
182","68.8
31","50.1
235","54.9
290","31.7
285","34.3
203"
266,The Citadel,SC,"99.0
333","118.5
332","49.2
266","55.7
334","17.4
204","13.9
341","28.7
255","30.8
175","31.4
282","35.2
178","67.8
328","69.3
44","49.8
245","58.6
352","32.3
261","34.7
222"
267,Princeton,Ivy,"105.1
241","109.7
196","49.2
267","51.3
187","16.7
159","14.6
319","27.2
295","28.2
70","34.1
213","34.3
148","74.2
114","73.8
269","48.2
292","54.9
293","33.6
203","30.7
45"
268,Lafayette,Pat,"101.9
296","115.4
297","49.1
268","53.6
271","15.7
96","15.5
278","26.6
307","30.4
156","32.3
258","33.7
134","68.6
301","72.6
204","47.6
305","52.7
227","34.2
169","36.6
313"
269,Tennessee Tech,OVC,"100.9
307","118.7
336","49.0
269","52.8
252","19.8
334","15.6
274","30.9
183","32.9
276","34.4
205","32.5
103","73.9
127","72.7
209","49.7
251","51.5
180","31.8
280","36.7
319"
270,Memphis,Amer,"106.0
229","99.2
33","48.9
270","47.8
50","20.0
340","20.0
35","35.9
45","35.1
329","34.0
215","40.3
292","71.2
217","72.2
174","49.5
255","49.4
101","32.0
266","30.5
44"
271,Mercyhurst,NEC,"100.0
318","109.7
194","48.9
271","49.5
99","15.5
81","19.1
66","26.5
311","32.1
248","23.5
363","41.8
316","71.1
222","71.1
116","49.4
261","49.4
102","32.0
267","33.2
143"
272,West Georgia,ASun,"102.2
287","117.0
317","48.9
272","55.2
324","16.7
162","15.0
300","31.2
171","30.2
147","29.5
319","37.0
226","71.4
212","72.6
199","47.4
312","56.6
325","34.5
145","35.3
253"
273,Lamar,Slnd,"106.6
214","109.6
190","48.9
273","50.8
163","17.8
231","17.8
132","36.4
35","29.3
111","27.6
344","45.1
342","72.0
190","67.1
10","47.2
316","49.1
90","34.8
126","35.8
277"
274,Cal Baptist,WAC,"109.0
170","103.4
71","48.9
274","46.9
33","18.4
270","16.5
215","38.8
8","26.9
37","38.2
107","37.7
246","72.0
189","74.1
281","49.6
253","47.7
48","31.5
295","30.4
43"
275,SIU Edwardsville,OVC,"99.0
335","106.9
132","48.9
275","45.2
9","17.8
235","17.3
156","31.0
178","33.3
291","32.9
245","35.5
190","67.4
331","72.0
165","47.0
322","46.0
23","35.0
114","29.3
13"
276,Florida A&M,SWAC,"98.7
337","111.1
234","48.8
276","52.4
235","22.2
359","19.3
63","28.3
267","32.9
279","36.5
160","40.7
296","66.8
341","77.9
363","49.1
269","52.3
212","32.3
257","35.1
247"
277,Air Force,MWC,"94.3
357","111.6
243","48.8
277","55.0
315","22.3
360","16.2
235","22.4
354","32.4
262","35.9
175","35.5
189","65.2
357","71.1
120","51.4
191","54.8
286","30.1
334","36.8
323"
278,Old Dominion,SB,"103.6
263","110.4
216","48.8
278","50.7
150","15.8
103","14.4
327","25.2
340","29.7
135","33.1
240","42.0
317","72.1
187","74.3
292","47.4
310","52.3
213","34.0
177","31.9
76"
279,Saint Joseph's,A10,"107.5
202","102.9
70","48.7
279","48.8
81","17.2
194","15.7
265","32.0
141","31.5
211","31.8
267","27.5
29","75.7
66","67.5
13","51.7
175","48.0
56","30.0
337","33.5
157"
280,Monmouth,CAA,"102.1
291","107.2
136","48.7
280","49.5
100","17.0
185","19.7
47","30.9
182","33.8
307","34.0
216","31.9
89","73.3
149","71.4
134","47.8
300","48.4
66","33.8
187","34.2
192"
281,Tarleton St.,WAC,"106.4
218","108.9
172","48.7
281","57.2
352","20.0
338","24.2
1","32.5
122","33.2
286","43.8
24","47.5
356","76.3
52","71.2
122","48.6
285","58.6
353","32.7
237","36.8
322"
282,Cincinnati,B12,"107.0
211","93.3
6","48.7
282","47.9
53","17.7
222","18.9
79","30.2
201","25.7
13","30.9
288","30.4
62","66.0
349","70.1
73","51.3
195","47.3
40","30.4
327","32.6
110"
283,UAB,Amer,"110.3
143","107.2
137","48.6
283","50.0
118","12.7
3","16.3
221","33.4
94","26.6
30","37.6
124","31.3
78","71.1
223","74.0
276","51.0
202","50.0
114","28.6
352","33.4
151"
284,Fordham,A10,"103.1
271","104.4
82","48.6
284","49.0
84","17.3
198","15.9
252","36.5
31","26.3
22","22.3
364","28.0
34","70.9
228","71.0
113","52.4
150","47.8
53","28.0
361","33.8
172"
285,Arkansas Pine Bluff,SWAC,"105.2
239","115.1
290","48.5
285","53.9
284","19.4
321","15.8
261","27.2
298","35.1
332","37.5
125","48.8
361","75.8
64","74.5
297","48.0
293","55.6
307","32.9
230","34.0
180"
286,UC Irvine,BW,"104.4
251","98.3
24","48.5
286","44.4
5","17.7
227","17.9
123","30.2
200","31.7
228","38.6
101","28.8
44","68.6
298","69.5
49","48.3
290","40.7
1","32.7
239","34.0
181"
287,Rice,Amer,"109.2
167","114.3
280","48.5
287","52.3
232","18.0
247","16.9
183","35.1
56","35.1
330","36.9
144","40.4
294","68.5
303","75.2
320","44.6
353","51.2
164","35.9
69","36.2
296"
288,Maine,AE,"91.8
362","112.5
255","48.5
288","50.2
127","19.9
335","19.3
62","21.8
360","36.2
344","35.5
185","33.6
128","65.1
359","69.8
59","50.6
215","53.2
248","29.9
338","30.0
30"
289,East Texas A&M,Slnd,"99.1
332","110.0
205","48.5
289","53.6
272","20.0
339","17.6
144","26.1
319","33.2
289","32.6
252","36.9
222","68.5
304","68.9
34","49.8
246","51.9
197","31.2
307","37.6
340"
290,Bucknell,Pat,"99.6
323","114.2
277","48.5
290","56.1
340","19.2
314","17.9
125","27.2
296","30.7
170","31.8
269","36.7
221","76.8
38","73.7
266","49.0
276","55.0
294","31.9
272","38.3
352"
291,Fairfield,MAAC,"107.5
201","115.7
302","48.5
291","51.5
195","14.8
44","16.2
228","36.2
37","28.8
84","27.1
348","29.1
48","70.6
239","74.7
304","47.7
303","51.6
182","33.2
220","34.2
194"
292,Northern Illinois,MAC,"99.3
329","111.2
240","48.4
292","54.4
297","22.5
361","17.3
160","34.3
73","31.7
224","38.9
96","41.3
310","66.1
348","72.6
205","49.4
260","57.4
342","31.6
289","33.0
134"
293,Texas St.,SB,"102.0
292","109.9
202","48.4
293","51.7
207","19.1
307","18.6
92","33.4
97","28.1
63","34.3
208","38.6
262","75.2
83","71.7
149","48.7
280","50.8
145","31.7
284","35.4
262"
294,Southern Miss,SB,"102.0
293","108.9
169","48.4
294","51.9
217","18.0
240","17.9
124","30.1
205","28.2
68","42.7
40","41.0
306","74.1
116","71.5
139","51.8
172","49.5
104","26.8
365","36.9
329"
295,Lindenwood,OVC,"102.1
288","108.8
166","48.4
295","49.7
110","19.2
315","18.8
82","33.5
91","32.1
244","39.8
75","35.7
197","67.8
325","68.0
21","50.9
206","49.8
112","28.6
351","32.9
129"
296,Detroit Mercy,Horz,"109.4
164","114.4
282","48.4
296","53.7
274","16.7
163","14.1
334","34.8
65","31.2
193","32.1
263","40.0
286","76.9
33","72.4
185","47.3
314","55.4
303","33.7
197","34.4
208"
297,UT Arlington,WAC,"102.1
290","101.9
60","48.3
297","46.8
30","21.3
356","18.4
99","35.6
50","28.7
82","42.6
41","44.3
338","73.3
150","70.1
69","49.2
267","50.3
125","31.1
310","25.7
1"
298,Merrimack,MAAC,"105.7
234","107.4
139","48.3
298","47.6
43","15.5
84","19.8
40","25.4
336","41.5
365","38.7
98","38.8
268","77.2
28","73.3
244","49.0
271","48.8
76","31.6
287","29.9
26"
299,New Haven,NEC,"96.3
350","113.3
267","48.3
299","52.7
251","19.4
319","17.0
180","23.0
350","28.4
74","29.3
321","27.7
30","68.8
289","74.9
313","50.5
219","51.9
196","29.8
340","36.0
288"
300,Morehead St.,OVC,"105.9
233","118.9
338","48.2
300","51.9
218","18.7
292","15.9
254","36.4
33","36.0
340","36.9
143","37.3
230","73.0
162","69.0
36","48.5
287","50.3
126","31.6
290","36.2
300"
,,,Adj. Eff.,,Eff. FG%,,Turnover%,,Off. Reb%,,FT Rate,,FT%,,2P%,,3P%,
Rk,Team,Conf,Off.,Def.,Off.,Def.,Off.,Def.,Off.,Def.,Off.,Def.,Off.,Def.,Off.,Def.,Off.,Def.
301,Evansville,MVC,"99.2
330","111.1
236","48.2
301","54.4
298","19.8
333","16.3
225","23.7
348","29.7
136","33.0
243","33.7
133","71.9
195","71.7
150","50.1
238","54.6
282","30.3
330","36.1
295"
302,San Jose St.,MWC,"110.1
146","115.9
306","48.2
302","57.6
357","17.2
197","18.2
108","31.1
174","36.3
345","33.5
234","34.3
149","74.0
124","76.8
352","46.0
337","58.8
355","34.5
144","37.1
332"
303,Illinois Chicago,MVC,"108.9
172","104.5
83","48.1
303","49.4
93","18.1
255","20.1
31","36.9
27","34.5
324","39.0
92","36.1
208","72.9
164","74.9
311","49.0
272","51.3
167","30.8
322","31.4
62"
304,Oral Roberts,Sum,"99.3
328","115.4
296","48.1
304","55.1
320","18.8
298","15.1
293","26.8
304","34.2
319","35.5
187","39.9
285","73.3
152","71.0
112","49.5
258","53.3
250","30.9
320","39.0
358"
305,USC Upstate,BSth,"98.6
339","110.5
218","48.1
305","50.2
128","17.8
232","16.0
246","28.1
271","31.5
213","34.3
207","37.5
239","67.0
337","70.9
111","47.9
296","49.6
108","32.4
254","34.2
196"
306,Manhattan,MAAC,"104.3
254","121.8
355","48.0
306","54.9
308","15.4
75","16.7
200","27.9
277","38.2
359","33.5
231","25.1
11","79.8
4","72.4
182","47.5
309","53.7
264","32.5
250","37.9
347"
307,Abilene Christian,WAC,"102.6
280","110.8
229","47.9
307","56.7
350","20.5
347","22.8
6","32.4
127","31.1
189","37.4
126","52.9
364","70.5
245","74.8
307","47.3
315","55.5
305","32.9
229","39.5
363"
308,North Alabama,ASun,"100.2
316","119.2
341","47.9
308","54.1
291","16.5
152","14.6
318","30.2
202","34.0
312","37.8
120","31.6
84","68.7
295","75.4
329","48.7
281","54.9
292","31.0
314","35.4
263"
309,Coastal Carolina,SB,"103.0
272","108.9
171","47.9
309","46.6
22","15.0
52","12.2
364","25.8
327","26.6
31","31.2
284","36.5
217","73.3
146","70.6
91","46.0
336","45.6
16","33.6
206","32.2
87"
310,Louisiana Monroe,SB,"98.1
344","120.2
348","47.9
310","56.4
345","18.1
256","16.2
233","23.5
349","35.1
333","35.5
188","25.4
12","71.5
208","69.9
62","45.8
340","58.3
351","33.8
191","36.0
284"
311,Southern,SWAC,"104.2
255","112.6
260","47.9
311","54.7
307","17.3
202","19.0
72","31.4
164","32.4
260","39.7
76","44.1
334","68.3
310","77.3
358","47.1
321","54.0
275","33.0
226","37.1
333"
312,Alabama St.,SWAC,"101.7
298","115.1
292","47.9
312","54.1
292","19.1
311","19.7
49","31.7
149","34.8
327","35.3
192","41.0
307","70.9
229","75.0
315","46.7
326","54.6
283","33.1
223","35.5
265"
313,Alcorn St.,SWAC,"98.0
346","117.5
323","47.8
313","57.7
358","21.1
355","17.9
126","28.3
266","37.0
355","26.1
358","40.0
288","68.3
311","73.6
264","45.5
345","60.8
363","34.7
133","35.0
240"
314,Binghamton,AE,"96.0
352","122.6
359","47.8
314","54.9
309","19.8
331","13.5
350","22.7
352","29.4
121","43.5
29","33.0
116","75.6
70","70.5
82","49.3
266","54.7
284","29.6
344","36.8
324"
315,Louisiana,SB,"99.4
327","111.1
233","47.7
315","51.1
175","18.3
266","17.6
143","27.0
302","31.9
238","26.7
352","46.1
350","68.7
292","72.7
213","46.2
331","49.1
91","33.0
227","36.2
298"
316,UTEP,CUSA,"102.3
284","112.1
248","47.7
316","52.2
229","18.0
245","19.0
73","27.6
286","33.7
304","30.6
300","44.6
340","69.8
269","71.1
119","45.7
341","53.1
243","33.9
178","33.8
171"
317,Saint Francis,NEC,"98.3
342","119.5
345","47.7
317","59.1
364","18.0
244","18.8
80","25.8
328","33.5
297","26.8
351","37.1
228","70.8
232","71.1
117","45.6
343","58.9
358","34.1
170","39.7
364"
318,Howard,MEAC,"99.5
324","106.4
123","47.6
318","48.8
82","20.6
348","21.3
15","35.2
55","32.3
253","41.4
56","40.8
300","73.6
138","69.9
61","47.1
318","49.0
84","32.5
247","32.3
91"
319,Norfolk St.,MEAC,"98.6
338","115.8
304","47.6
319","51.5
196","19.1
309","18.5
93","31.1
175","33.2
287","43.7
25","44.2
336","65.8
352","70.0
66","46.1
332","55.5
306","34.0
175","30.8
48"
320,Maryland,B10,"110.7
136","107.5
142","47.5
320","55.3
327","18.0
242","16.7
204","32.5
121","31.3
198","40.6
62","34.5
155","73.3
154","72.3
179","46.7
327","54.4
279","32.3
260","37.7
342"
321,Maryland Eastern Shore,MEAC,"95.6
355","113.8
272","47.5
321","50.7
151","23.1
365","17.4
151","29.8
214","33.2
288","28.2
329","40.1
290","70.6
240","73.8
271","49.7
250","51.8
189","28.9
348","32.8
125"
322,Alabama A&M,SWAC,"101.4
302","114.3
279","47.5
322","52.6
247","17.1
188","17.1
170","27.3
294","28.8
92","43.0
36","38.6
260","74.6
99","70.1
67","47.1
319","52.3
214","32.1
265","35.5
267"
323,Sacramento St.,BSky,"107.4
203","114.4
281","47.5
323","55.3
328","15.3
70","16.8
188","27.5
289","33.0
283","40.3
68","36.1
207","77.9
16","74.0
273","46.8
325","56.1
320","32.5
249","36.1
293"
324,Seton Hall,BE,"108.2
186","95.5
16","47.4
324","46.5
20","16.5
150","22.1
8","37.5
17","31.0
181","36.5
156","43.6
327","72.5
178","70.8
104","47.5
307","45.5
14","31.4
297","31.9
78"
325,VMI,SC,"99.8
322","122.7
360","47.1
325","55.9
336","16.4
147","16.8
190","27.2
297","40.0
364","32.0
265","36.9
223","71.2
221","71.2
123","47.5
308","56.6
324","31.2
308","36.6
315"
326,Texas A&M Corpus Chris,Slnd,"101.6
300","103.7
75","47.1
326","50.7
152","18.5
278","20.0
34","31.1
176","29.8
137","43.3
32","44.4
339","65.6
353","71.2
125","46.1
333","51.8
190","32.8
232","32.5
99"
327,Prairie View A&M,SWAC,"100.6
309","116.2
310","47.0
327","53.9
285","16.4
146","19.8
44","25.3
337","36.8
353","43.2
34","47.6
358","76.1
55","72.7
206","46.1
335","52.9
236","32.7
238","37.2
335"
328,Brown,Ivy,"95.7
354","105.5
107","46.9
328","49.5
101","18.5
277","18.3
105","29.5
227","29.6
130","27.6
342","35.2
180","70.2
251","77.3
357","47.6
304","51.2
162","30.4
328","31.3
59"
329,New Hampshire,AE,"100.0
319","111.2
238","46.9
329","51.5
197","16.8
167","16.2
232","25.6
330","29.3
116","28.0
336","39.4
280","68.5
305","75.5
331","47.0
323","52.3
215","31.2
309","33.3
149"
330,Stonehill,NEC,"91.4
363","106.9
131","46.8
330","48.5
71","21.0
353","12.7
362","28.9
246","25.0
10","25.4
360","30.9
70","68.4
308","65.7
2","46.1
334","47.2
39","32.0
271","34.1
188"
331,Boston College,ACC,"102.4
283","100.0
39","46.7
331","46.7
25","15.6
86","15.2
288","28.4
263","29.3
114","35.0
196","33.9
138","65.4
355","65.7
3","48.6
282","48.0
57","29.4
346","29.7
23"
332,Fairleigh Dickinson,NEC,"101.0
304","117.9
325","46.7
332","56.0
337","17.6
217","16.6
208","30.6
188","28.9
95","32.0
266","37.3
233","69.3
279","71.3
131","47.6
306","54.5
280","30.5
325","38.7
356"
333,Canisius,MAAC,"96.7
348","115.2
293","46.5
333","53.8
278","19.6
326","16.4
219","29.9
210","30.4
155","31.5
278","32.8
114","69.9
266","73.5
258","43.9
357","56.9
331","33.5
212","33.3
148"
334,Pepperdine,WCC,"100.5
310","109.4
184","46.5
334","53.0
258","19.1
310","16.8
199","28.1
270","34.1
317","34.4
206","26.6
21","77.5
24","74.7
302","49.2
268","54.9
291","28.3
357","33.5
158"
335,Valparaiso,MVC,"106.5
217","105.1
95","46.4
335","49.6
104","15.9
107","17.3
153","32.0
146","30.5
160","38.7
99","38.6
261","71.5
206","69.4
47","45.5
344","51.2
163","31.9
273","31.2
55"
336,NJIT,AE,"99.1
331","113.2
264","46.4
336","50.4
139","17.8
234","15.3
286","26.3
316","32.6
267","33.8
224","38.4
257","72.7
173","70.4
80","45.3
349","51.3
169","32.0
270","32.8
124"
337,Rutgers,B10,"110.5
137","109.7
192","46.4
337","53.0
259","15.5
83","16.8
189","32.8
112","34.1
314","37.7
123","31.2
74","72.7
172","76.1
340","45.4
348","50.6
138","32.2
262","37.9
348"
338,North Texas,Amer,"100.0
317","100.2
43","46.2
338","47.9
54","18.4
275","21.6
14","32.8
115","33.1
284","38.2
109","48.0
360","69.9
264","71.4
135","47.1
317","49.5
105","29.5
345","30.0
31"
339,Towson,CAA,"102.7
279","104.8
90","46.2
339","50.7
153","16.4
142","16.2
231","36.4
32","26.6
28","30.4
304","31.3
79","68.5
306","71.0
114","49.3
264","53.5
256","27.1
363","31.2
57"
340,South Carolina St.,MEAC,"96.7
347","120.4
349","46.2
340","55.0
316","20.7
349","16.9
185","30.9
184","39.4
363","39.0
94","52.9
363","63.1
365","72.7
215","43.2
360","59.6
360","34.8
128","32.4
94"
341,UMKC,Sum,"95.8
353","116.4
311","46.1
341","56.1
341","19.0
306","16.7
205","28.6
258","36.7
351","30.2
310","31.3
80","68.6
302","69.3
43","48.0
294","57.2
335","28.5
354","36.2
303"
342,La Salle,A10,"104.5
250","108.5
154","46.1
342","54.2
294","18.9
300","17.1
172","33.4
93","32.0
242","36.8
147","29.9
58","71.3
215","69.2
41","46.4
330","53.9
269","30.2
332","36.3
306"
343,Ball St.,MAC,"99.8
321","112.1
250","46.0
343","55.3
329","16.3
139","19.3
60","26.6
306","32.3
254","33.2
238","29.2
52","71.1
225","77.5
360","47.0
324","55.0
295","29.8
339","37.1
334"
344,Gardner Webb,BSth,"94.2
358","123.9
362","45.8
344","57.8
359","20.9
352","14.2
333","24.0
347","36.7
352","30.9
293","35.0
169","70.7
236","72.0
162","45.9
339","59.9
362","30.5
326","36.6
316"
345,Jackson St.,SWAC,"99.5
325","118.3
330","45.8
345","54.5
303","19.7
330","15.5
282","25.0
341","38.7
360","33.0
244","40.7
297","76.5
45","71.9
158","44.5
354","56.6
326","31.6
291","34.5
214"
346,Southeastern Louisiana,Slnd,"98.5
341","108.9
167","45.7
346","52.3
233","18.8
297","19.4
59","27.8
280","31.6
223","42.0
51","42.8
324","69.0
284","73.4
254","47.9
297","51.2
161","28.2
358","36.0
289"
347,Cal St. Bakersfield,BW,"101.9
295","115.4
298","45.7
347","53.3
265","19.4
323","18.7
87","32.2
136","36.4
348","42.4
47","44.0
332","74.0
121","73.2
241","45.4
347","53.9
270","30.9
319","34.9
238"
348,Louisiana Tech,CUSA,"100.5
311","108.7
162","45.7
348","48.4
67","17.5
211","16.7
202","35.0
61","30.5
158","33.7
227","36.3
212","65.3
356","71.5
144","47.4
311","48.1
61","28.0
360","32.5
100"
349,North Carolina Central,MEAC,"99.9
320","118.9
339","45.6
349","56.6
349","18.5
281","18.7
86","28.2
269","38.2
358","41.3
57","39.8
284","74.4
108","70.7
95","44.7
352","57.3
339","31.5
293","37.2
336"
350,Hampton,CAA,"100.5
312","111.2
237","45.6
350","51.2
181","17.9
237","18.0
120","33.6
90","30.5
159","38.4
105","45.2
343","72.6
177","66.5
5","47.3
313","52.9
235","28.3
355","32.1
85"
351,Morgan St.,MEAC,"98.5
340","122.0
357","45.4
351","54.6
305","18.9
301","16.9
184","30.1
207","34.4
322","42.6
43","56.2
365","73.1
159","70.0
65","45.4
346","57.4
343","30.4
329","33.0
136"
352,Western Kentucky,CUSA,"104.8
244","106.6
126","45.4
352","50.7
154","14.8
46","17.6
139","33.3
100","29.9
139","38.2
110","44.1
335","73.6
137","67.8
19","44.0
356","48.5
70","31.8
279","35.7
276"
353,Saint Peter's,MAAC,"103.3
268","109.1
177","45.2
353","48.6
77","17.2
196","20.7
19","36.9
29","33.7
302","36.1
167","47.6
359","75.2
80","73.6
260","45.6
342","47.7
50","29.7
341","33.4
150"
354,Coppin St.,MEAC,"93.6
359","126.4
364","45.2
354","58.2
361","22.6
362","16.9
186","29.8
216","36.2
341","37.4
127","45.2
344","68.0
319","74.2
288","44.2
355","56.6
327","31.4
301","40.1
365"
355,Bryant,AE,"96.1
351","117.9
324","44.9
355","51.2
182","20.3
344","14.6
321","28.0
274","32.8
272","29.1
324","31.9
92","75.5
71","71.5
138","47.8
302","49.9
113","28.0
362","35.6
271"
356,Eastern Illinois,OVC,"95.1
356","109.9
200","44.8
356","51.0
171","19.4
322","19.5
54","27.0
301","36.2
342","33.7
228","36.1
210","75.1
89","74.3
290","43.8
358","55.0
296","31.4
298","30.3
39"
357,East Carolina,Amer,"99.5
326","109.7
191","44.7
357","52.8
253","17.6
219","17.2
166","32.6
119","31.7
226","38.8
97","34.4
151","69.2
283","72.6
202","45.9
338","51.8
191","28.0
359","36.2
304"
358,Georgia St.,SB,"101.3
303","110.7
222","44.5
358","50.1
121","16.9
178","16.8
192","27.8
279","33.8
309","36.6
152","35.0
168","79.7
6","69.8
57","42.6
363","50.5
133","31.1
311","33.0
135"
359,Mississippi Valley St.,SWAC,"88.1
365","119.4
343","44.1
359","57.3
354","22.9
364","16.9
187","25.8
329","35.8
337","31.6
275","47.5
357","72.9
167","75.4
327","44.8
350","57.2
336","28.3
356","38.3
353"
360,Chicago St.,NEC,"98.1
345","120.0
347","44.1
360","57.4
355","16.9
179","19.4
58","28.8
253","36.9
354","30.4
307","37.8
250","75.0
93","74.4
295","42.1
364","62.5
365","32.6
243","35.2
251"
361,Rider,MAAC,"99.0
334","119.3
342","43.5
361","54.2
295","18.3
267","13.1
355","33.7
87","33.4
293","32.0
264","32.3
102","71.6
205","68.3
23","43.6
359","53.4
251","28.8
350","36.9
328"
362,Southern Indiana,OVC,"92.8
361","109.2
179","43.5
362","48.1
61","17.8
233","16.7
203","29.6
220","31.6
221","35.0
197","36.5
216","66.2
345","71.2
124","42.8
362","48.4
67","29.7
343","31.7
70"
363,Western Illinois,OVC,"93.1
360","119.5
344","43.3
363","53.8
279","17.7
229","15.7
266","29.0
244","34.1
316","38.7
100","37.7
244","67.2
335","71.6
148","43.1
361","53.5
257","29.1
347","36.2
302"
364,UTSA,Amer,"96.6
349","117.3
322","43.0
364","53.5
269","18.5
280","15.3
287","29.9
211","37.8
357","30.2
309","34.9
166","70.1
256","70.7
98","44.7
351","52.2
209","27.1
364","36.7
320"
365,Delaware St.,MEAC,"88.7
364","111.2
239","42.4
365","54.3
296","19.2
313","20.4
22","25.4
335","29.9
141","32.6
253","38.7
265","67.9
321","70.2
74","41.3
365","55.6
308","30.2
331","34.7
223"