id,Team,Adj OE,Adj DE,Barthag,Record,Wins,Games,eFG,eFG D.,FT Rate,FT Rate D,TOV%,TOV% D,O Reb%,Op OReb%,Raw T,2P %,2P % D.,3P %,3P % D.,Blk %,Blked %,Ast %,Op Ast %,3P Rate,3P Rate D,Adj. T,Avg Hgt.,Eff. Hgt.,Exp.,Year,PAKE,PASE,Talent,,FT%,Op. FT%,PPP Off.,PPP Def.,Elite SOS,Team
1,Michigan,127.473,90.303,0.981,20–1,20,21,58.6,43.3,41.8,26.9,17,17.2,35.5,28.2,73.9,63.6,42.2,34.6,29.9,16.1,8.7,59.9,43.1,42.9,42.9,72.725,78.597,82.629,1.93,"2,026",0,0,69.044,,73,72.7,1.216,0.926,33.378,Michigan
2,Arizona,126.164,91.83,0.975,22–0,22,22,56.5,45.3,43.6,27.8,15.7,18.1,39.6,25.4,73.2,57.2,43.7,36.3,31.9,11.4,8.4,57.3,50.5,27,36.7,71.09,79.048,81.791,1.363,"2,026",0,0,73.91,,73.8,69.4,1.223,0.937,30.615,Arizona
3,Houston,127.669,93.783,0.972,19–2,19,21,52.4,46.5,26.5,38.7,12.9,23.3,37.4,32.1,65.2,52.8,45.8,34.6,31.7,13.1,6.3,54.6,53.4,42.4,43,63.521,77.823,80.657,1.564,"2,026",0,0,82.233,,78,67.9,1.203,0.941,27.836,Houston
4,Iowa St.,126.649,94.25,0.968,20–2,20,22,59,48.3,36.3,26.5,15.3,22.8,37.8,28.3,69.4,57.3,49,41.2,31.6,9.1,8.2,59.6,54.8,37.1,42,67.851,78.053,81.35,1.957,"2,026",0,0,49.136,,68.6,70.7,1.247,0.934,27.217,Iowa St.
5,Duke,125.266,93.245,0.968,21–1,21,22,57.4,45.9,40.9,23.1,16.2,19.6,37.4,25.9,68.7,62.8,45.6,33.8,30.8,11.5,6.9,58.7,52.5,44.5,44.8,66.469,79.422,81.499,0.888,"2,026",0,0,91.186,,71.6,72.1,1.224,0.925,33.422,Duke
6,Connecticut,122.677,91.607,0.966,22–1,22,23,55.8,44,31.6,40.8,16.3,19.1,35.6,28.9,66.8,56.5,44.6,36.4,28.5,15,9.1,63.9,44.8,38.4,34.5,64.823,78.267,81.368,2.025,"2,026",0,0,83.249,,70.6,72,1.178,0.945,31.287,Connecticut
7,Florida,124.962,93.529,0.966,16–6,16,22,52.6,46.8,39.8,34.7,16.2,15.6,43.3,22.9,72.5,58.4,45.3,28.9,33.2,13,8,53.7,44.1,39,33.7,69.66,78.905,83.05,1.917,"2,026",0,0,41.94,,69.9,71.7,1.191,0.985,34.904,Florida
8,Illinois,131.721,98.98,0.964,19–3,19,22,55.8,47.3,34.7,18.7,14.1,12,39.6,26.7,66.9,58.3,46.7,35.6,32.1,13.2,8.6,50.9,50.4,50.6,41.4,65.776,79.755,83.104,1.55,"2,026",0,0,64.446,,78.9,70.8,1.265,1.02,35.325,Illinois
9,Purdue,130.251,98.524,0.961,18–4,18,22,58.8,50.3,27.6,23.9,13.8,16.3,36,26.8,66.8,59.1,51.4,38.8,32.7,9.3,6.9,64.5,54.2,39,45.8,64.987,77.687,82.267,1.978,"2,026",0,0,58.777,,74.5,70.6,1.251,1.032,34.785,Purdue
10,Vanderbilt,125.079,95.352,0.958,19–3,19,22,56.7,46.8,37,40.9,13.3,18.6,30.3,28,72.4,59.2,49.4,35.8,28.6,14.5,6.6,57.6,45.8,44.8,39.8,70.015,77.26,79.927,2.381,"2,026",0,0,37.761,,77,76.4,1.218,1,28.018,Vanderbilt
11,Kansas,122.108,93.903,0.953,17–5,17,22,54.5,44.5,33.9,25.9,15.1,13.5,28.3,29.4,67.7,54.5,44.7,36.2,29.4,16.8,8.1,54.4,48.6,37,44.5,67.034,78.141,80.729,1.658,"2,026",0,0,57.019,,75.8,65.7,1.14,0.987,37.275,Kansas
12,Nebraska,122.138,94.029,0.953,20–2,20,22,56.5,47.2,26.4,24.7,13.2,19,26,27.2,68.3,59.4,49.1,35.8,30.2,9.3,9,64.6,59.3,51.4,49.9,66.725,77.637,80.698,2.266,"2,026",0,0,42.722,,76.2,72.2,1.17,0.966,31.965,Nebraska
13,Michigan St.,118.955,91.596,0.953,19–3,19,22,53.8,46.1,37.2,29.4,18.1,16.4,39.4,22,67.4,54.5,46.5,35,30.4,15,7.9,67.2,57.2,36.4,45.9,65.515,78.416,81.69,1.837,"2,026",0,0,66.869,,74.5,74.3,1.167,0.95,29.916,Michigan St.
14,Gonzaga,121.613,94.106,0.95,22–1,22,23,56.8,45.4,31.3,31.9,14.2,20.4,36.2,24.5,72.3,58.3,45.9,35.4,30,10.8,6.1,54.9,52.7,29.9,44.5,69.925,78.01,80.729,2.168,"2,026",0,0,36.88,,68.7,69.6,1.213,0.914,22.52,Gonzaga
15,Virginia,124.157,97.545,0.941,19–3,19,22,55.2,45,35.7,36.5,15.6,16.2,40,29.4,66.4,56.4,44.8,35.9,30.3,15.9,8.5,59.2,49.8,46,37.2,65.291,78.039,82.094,1.686,"2,026",0,0,54.723,,70.3,72.4,1.219,0.999,24.935,Virginia
16,Tennessee,122.119,96.19,0.94,16–6,16,22,53.5,46.9,41.8,35.5,18.5,16.8,45.2,28.6,68.5,53.9,48.9,35.1,29.7,10.8,10.1,60.8,45.4,33.8,46.3,65.723,78.416,82.248,1.494,"2,026",0,0,60.224,,69.2,68.9,1.182,1,35.318,Tennessee
17,Louisville,124.862,98.462,0.939,15–6,15,21,55.8,47.2,34.5,33.4,16.1,17.8,34.1,27.1,71.7,60,45.1,34.8,33.5,9.3,11.9,61,47.6,54.4,41,70.006,78.269,81.714,2.222,"2,026",0,0,39.092,,76.5,70.6,1.201,0.983,31.422,Louisville
18,Texas Tech,124.937,98.713,0.938,16–6,16,22,55.8,50.3,28.1,31.9,15,15.6,34,29,69.7,53.9,51,38.6,32.7,8.4,7.3,54.7,41.5,46.9,34.9,67.531,76.974,79.339,1.648,"2,026",0,0,40.733,,70.5,70.1,1.189,1.061,36.277,Texas Tech
19,Alabama,129.295,102.221,0.937,14–7,14,21,54.7,47.7,35.9,36.6,13.2,13,32,33.8,75.5,57.2,48.2,35.1,31.1,12.9,11.3,53.5,45.2,53.2,33.9,73.11,78.169,81.404,1.511,"2,026",0,0,71.829,,75.4,67.7,1.208,1.09,39.879,Alabama
20,Iowa,121.905,96.565,0.936,16–5,16,21,58.5,49.4,36.1,37.5,16.1,22.1,31.6,29.6,64.3,59.9,51.9,37.7,30.1,8,8.1,59.2,48.6,40.7,37.5,63.501,78.45,80.777,1.736,"2,026",0,0,13.889,,77.5,71.4,1.212,0.979,29.166,Iowa
21,Saint Louis,124.674,99.555,0.93,21–1,21,22,61,43,35.2,37.4,16.8,15.9,33.3,26,73,60.2,43.7,41.3,28,7.9,11.3,60.3,48.2,44.9,40.1,71.187,77.527,80.094,1.928,"2,026",0,0,21.839,,73.6,73.1,1.237,0.955,14.308,Saint Louis
22,St. John's,121.901,97.757,0.927,17–5,17,22,52.5,47.9,42.5,33.2,15.4,20.2,38.1,32.3,71.9,52.1,47,35.5,33.1,12.8,9.4,55.5,47,34.6,34.5,69.752,78.18,80.454,2.265,"2,026",0,0,69.98,,73,73.2,1.176,0.998,27.301,St. John's
23,Clemson,116.518,94.124,0.921,18–4,18,22,53.6,46,37.8,34.9,14.8,17.8,30.1,25.7,66,55.6,47.5,33.9,29.3,7.6,11.3,51.2,45.4,42.8,41.5,64.385,78.053,81.606,2.312,"2,026",0,0,44.057,,73.1,73.4,1.145,0.966,24.613,Clemson
24,N.C. State,123.273,99.846,0.919,17–6,17,23,57,50.8,35.1,37.8,13.5,19.4,28.6,28,70.1,54.4,50.4,40.1,34.2,9.9,8.7,57.8,49.3,45.1,46.2,68.889,77.845,79.545,2.175,"2,026",0,0,61.425,,75.9,67.7,1.211,1.022,27.819,N.C. State
25,Texas A&M,122.1,98.969,0.918,17–4,17,21,56.4,49.8,39,34.6,15.4,20.2,33.9,30.8,74,56.7,50.8,37.3,32.3,9.8,10.7,64.7,56.8,47.8,41,71.707,77.044,80.345,2.44,"2,026",0,0,28.1,,75.6,74.3,1.22,1.019,23.564,Texas A&M
26,Indiana,124.062,100.566,0.918,15–8,15,23,55.9,46.9,36.6,38.7,15,16.2,28.5,28.8,68.4,59.1,47.1,35.3,31,7.2,11.6,65.2,46.3,52,35.7,66.834,78.039,80.429,2.601,"2,026",0,0,25.397,,78.6,75.5,1.174,1.027,31.905,Indiana
27,BYU,124.161,100.972,0.915,17–4,17,21,55.7,48.6,35.4,27.4,15,17.1,35.6,28,71.2,57.4,48.5,35.5,32.6,12.9,7.8,49.7,53.9,40.9,39.6,70.038,77.988,80.88,1.584,"2,026",0,0,46.596,,74.7,70.6,1.214,1.008,31.488,BYU
28,Arkansas,126.737,103.737,0.909,16–6,16,22,56.5,50.8,37.7,29.2,13,16.4,32.8,31.2,72.6,56.8,53.1,37.4,31.8,12.7,6.9,55.3,51.5,36.1,41.5,70.851,78.45,81.274,1.444,"2,026",0,0,80.313,,74.1,70.8,1.222,1.069,33.756,Arkansas
29,North Carolina,123.95,101.474,0.909,18–4,18,22,55.3,46.7,40.4,24.6,13.7,13.9,33.9,27.9,69.8,58,44,34.4,34.1,9.1,8.2,59.4,49.5,42.2,37.4,68.141,79.27,82.769,1.46,"2,026",0,0,64.397,,68.4,69.9,1.192,1.012,26.051,North Carolina
30,Utah St.,122.29,101.053,0.9,17–3,17,20,57,48.5,37,38.8,16.2,21.9,36.4,31.6,68.2,60.1,47.5,34.7,33.2,10.3,9.6,58.9,46.5,38.7,42.4,67.921,77.646,80.894,2.162,"2,026",0,0,24.759,,70.3,72.9,1.199,0.999,19.341,Utah St.
31,Auburn,125.141,103.468,0.899,14–8,14,22,53,51.9,47.5,34.3,14.8,17.4,37.8,32,69.7,55.5,51.7,32.8,34.9,12.2,10.7,48.2,51.5,39.6,40.9,67.535,78.216,80.529,1.437,"2,026",0,0,46.888,,73.9,75.2,1.197,1.101,40.23,Auburn
32,Villanova,121.061,100.185,0.898,16–5,16,21,54.5,50.9,30.9,28.6,15.3,18.7,34.7,32.6,65.4,54,50.1,36.7,34.8,6.6,7.2,54.6,50.8,45.3,37.9,63.052,77.61,80.761,1.558,"2,026",0,0,64.845,,70.7,67.6,1.177,1.045,28.181,Villanova
33,Santa Clara,122.065,101.701,0.891,18–5,18,23,55,50.4,26.5,40,17,21.1,38.4,31.2,70.7,57.9,52.3,34.2,31.6,12.2,8.6,56.4,58.8,44.5,37.5,69.665,78.363,81.841,1.437,"2,026",0,0,20.202,,73.4,73.3,1.182,1.013,20.134,Santa Clara
34,SMU,124.512,104.088,0.887,15–7,15,22,55.7,50.7,33.2,32.8,16.1,17.6,35,31.4,72.1,55.7,52.2,37.2,32.6,11.5,7,55.4,61,34.4,46,68.662,78.022,81.965,2.083,"2,026",0,0,45.053,,76.2,71.1,1.186,1.068,31.476,SMU
35,Wisconsin,122.147,102.25,0.885,16–6,16,22,54.1,50.3,36.2,33,13.7,14.6,29.5,25.7,70.6,56.5,51.1,34.6,32.7,8.8,10.5,57.4,49.5,51,39.9,69.458,78.972,82.661,1.831,"2,026",0,0,38.167,,77.8,72.6,1.174,1.058,27.896,Wisconsin
36,UCLA,120.468,100.971,0.884,16–7,16,23,54,48.8,36.2,36.1,14,18.9,31.2,31.7,66.7,52.3,52.2,38.3,29.8,11.2,6.5,58,59.3,34.4,45,65.01,78.13,81.379,2.279,"2,026",0,0,68.215,,76.8,75.8,1.17,1.033,28.808,UCLA
37,Saint Mary's,118.964,100.391,0.876,18–4,18,22,52.4,46.8,39.9,26.4,17,15.2,36.5,24.4,66.7,50.9,47.4,36.7,30.4,8.5,8.8,57.6,53.6,35.6,36.1,65.191,78.706,82.376,1.369,"2,026",0,0,35.614,,82.3,73.5,1.157,0.988,21.352,Saint Mary's
38,San Diego St.,112.498,94.956,0.875,14–6,14,20,53.3,48,36.4,36.3,18.1,21.2,29.6,31,69.7,52.2,47.2,37,32.6,14.8,6.7,55.3,58.9,33.2,48.5,68.541,78.232,80.887,1.754,"2,026",0,0,51.428,,75.3,74,1.087,0.995,27.074,San Diego St.
39,Ohio St.,122.962,104.151,0.871,14–7,14,21,55.9,49.2,37,33.8,15.5,15.8,33.4,30,67.7,59.5,51.9,33.8,30.3,7,8.5,52.7,51.8,40.4,41.5,66.902,77.658,81.636,1.795,"2,026",0,0,66.716,,78.8,74.9,1.193,1.067,29.475,Ohio St.
40,Texas,125.544,106.392,0.87,13–9,13,22,54.9,49.7,47.4,40.8,15.5,14.6,37.6,27.5,68.9,57.2,48.2,34.1,35,7.2,9,44.7,46,38.6,35,66.977,78.09,81.396,2.273,"2,026",0,0,53.785,,74.3,72.4,1.211,1.079,34.865,Texas
41,New Mexico,116.503,98.746,0.87,17–4,17,21,53.6,47.9,35.3,31.7,15.4,19.9,29.5,27.9,71,54.4,51.4,35.1,29.4,9.4,9.7,52.7,50.6,44,48.3,69.907,77.292,81.038,1.533,"2,026",0,0,12.415,,75.4,73.8,1.139,0.973,20.539,New Mexico
42,Georgia,120.648,102.385,0.868,16–6,16,22,53.7,47.7,39.4,29.1,14.4,19.5,36.1,35.4,75.5,58.4,47.6,31.7,31.9,16.5,10.1,47,47.7,43.1,35.6,73.631,77.423,81.523,1.571,"2,026",0,0,60.758,,75.6,68.8,1.199,1.008,25.471,Georgia
43,Kentucky,118.208,100.712,0.863,15–7,15,22,53.7,47.7,37.8,35,14.9,16.1,34.1,28.5,69.4,55.2,49.1,34.2,30.4,13.8,8.6,57,56.5,39.6,39.5,67.551,78.736,81.817,1.544,"2,026",0,0,84.553,,72.5,73.6,1.173,1.024,35.759,Kentucky
44,Washington,116.859,100.131,0.855,12–10,12,22,50.4,49.1,32.1,31.9,15.2,15,35.3,28.8,68.7,51.7,50.1,31.8,31.6,11.8,9.7,49.7,49.8,34.1,37.8,66.85,77.749,81.849,1.438,"2,026",0,0,74.351,,77.5,72,1.125,1.047,36.162,Washington
45,Miami FL,119.214,102.254,0.854,17–5,17,22,56.7,50.1,39.2,32,16.3,19.2,37.3,26.1,70.7,59.3,48.1,34.3,35.4,9.7,9.7,56.6,53.7,32.8,39.8,68.816,78.424,81.417,1.631,"2,026",0,0,79.458,,68.8,66.7,1.197,0.991,21.072,Miami FL
46,UCF,121.479,104.954,0.843,17–4,17,21,55,52.2,30.6,35.3,16.2,16.6,37.1,26.6,71.6,53.8,53.1,38.2,34,8.1,8.7,54.3,54,35.3,41.5,68.739,78.638,81.965,2.444,"2,026",0,0,41.239,,73.5,73.3,1.177,1.077,28.911,UCF
47,USC,114.845,99.459,0.839,16–6,16,22,52.1,47.6,48.3,34.5,17.5,16.8,33,31.4,71.3,53.9,50.2,32.4,29.4,15.1,7.6,55.5,54,34.2,42.2,69.946,79.118,82.67,2.167,"2,026",0,0,32.697,,72.2,76.7,1.104,1.04,31.548,USC
48,Grand Canyon,110.281,95.865,0.834,15–7,15,22,50.6,46.8,38.5,37.7,17.6,18.1,32.1,26.4,69.1,53.5,47.2,30.6,30.7,10.9,7.7,48.8,50.2,38.7,39.1,67.667,78.64,82.162,2.335,"2,026",0,0,43.729,,75.2,72.8,1.078,0.976,22.625,Grand Canyon
49,Cincinnati,106.955,93.262,0.829,11–11,11,22,48.7,47.9,30.9,30.4,17.7,18.9,30.2,25.7,70.4,51.3,47.3,30.4,32.6,12.7,7.4,65,56.5,44.6,41,68.145,78.566,83.236,1.957,"2,026",0,0,63.377,,66,70.1,1.016,0.958,31.984,Cincinnati
50,Nevada,119.689,105.244,0.814,16–7,16,23,50.5,50.8,44.4,39.2,13.7,17.4,32.1,28.9,66.2,46.5,50.8,39.4,33.9,12.6,10,57.4,56,31.9,42.8,65.242,76.941,80.162,1.962,"2,026",0,0,16.267,,75.8,72.6,1.148,1.065,22.422,Nevada
51,Seton Hall,108.159,95.501,0.807,16–6,16,22,47.4,46.5,36.5,43.6,16.5,22.1,37.5,31,67,47.5,45.5,31.4,31.9,18.7,8.6,52.4,55,26.8,40.9,65.596,76.282,79.771,2.011,"2,026",0,0,27.055,,72.5,70.8,1.076,0.958,23.675,Seton Hall
52,Tulsa,124.311,109.847,0.806,17–3,17,20,58.2,50.5,44.9,32.7,15.6,16,33.2,28.5,69.1,55.9,49.2,40.8,35,6.6,8.8,53.9,49.7,43.7,39.6,68.187,77.65,80.382,2.051,"2,026",0,0,3.153,,79.7,72.4,1.247,1.068,11.616,Tulsa
53,Akron,119.595,105.797,0.804,17–4,17,21,58.8,50.2,27.7,32.1,15.6,18.9,34.4,32.5,71.8,59.5,50.2,38.6,33.5,8.5,10.1,58.4,49.9,44.6,42.2,70.461,75.317,78.098,2.418,"2,026",0,0,12.71,,76.3,73,1.23,1.052,13.351,Akron
54,TCU,112.897,99.993,0.802,13–9,13,22,51.8,50.1,36.8,32.2,15.8,19.7,32.3,29.6,70.1,52.8,49.3,33.4,34.2,13.8,8.7,57.7,59.7,36.9,37.2,67.673,76.385,79.15,1.771,"2,026",0,0,51.95,,72,70.9,1.11,1.009,30.726,TCU
55,Boise St.,115.939,102.71,0.801,13–8,13,21,51.5,52.2,44.2,35.5,16.6,15.9,31.4,23.5,67.6,51.9,52.1,33.9,34.9,6.1,9.5,52.2,45.9,41.8,36.5,66.291,78.861,81.059,1.987,"2,026",0,0,31.659,,76.3,70.3,1.114,1.048,26.928,Boise St.
56,LSU,120.047,106.359,0.801,14–8,14,22,54.7,49.3,42.4,35.6,15.5,15,33.1,30.6,69.1,57.2,46.8,33.3,35.4,11.4,7.4,52.3,47.3,35,39.5,66.531,78.414,81.43,2.268,"2,026",0,0,36.847,,76.8,67.8,1.185,1.064,26.868,LSU
57,California,113.802,100.96,0.799,15–6,15,21,52.9,47.5,38.2,35.6,14.6,16.2,26,31.3,68.8,50.8,50.1,37.2,29.1,10,10.5,55.9,55.7,42.8,41.3,66.686,77.406,80.953,2.265,"2,026",0,0,60.248,,78,67.1,1.127,1.025,25.563,California
58,West Virginia,111.018,98.671,0.795,14–8,14,22,52.2,48.1,36.5,27.2,17.3,17.8,30.7,26.7,64,51.4,45.7,35.5,34.6,8.2,10.8,54.3,57,43.1,39.2,62.339,76.911,80.834,2.423,"2,026",0,0,22.495,,68.6,72.6,1.092,0.984,26.911,West Virginia
59,Minnesota,112.99,100.484,0.794,10–12,10,22,53,50,40.2,30.4,16.7,17.3,29.5,29.1,64.5,56.2,49.1,32.7,34.2,9.1,12.6,73,57.1,45.6,41.5,63.22,77.85,79.799,1.982,"2,026",0,0,16.036,,69.4,72.7,1.095,1.049,31.804,Minnesota
60,Baylor,119.957,106.681,0.794,11–9,11,20,53.7,49.9,36.5,28.5,16.8,15.8,38.1,32.4,70.4,53.8,48.8,35.7,34.7,11,9.3,53.6,47.5,39.4,35.1,68.253,77.377,79.835,1.917,"2,026",0,0,48.584,,71.7,74.6,1.164,1.081,33.103,Baylor
61,Virginia Tech,114.69,102.082,0.792,16–7,16,23,51.7,49.6,37.3,27,14.5,18.4,32.2,33.4,68.7,51.6,53.2,34.5,29.5,9.9,9,51.8,48,39.4,40.3,67.553,77.906,81.092,1.392,"2,026",0,0,59.459,,72.5,74.5,1.127,1.043,25.037,Virginia Tech
62,Missouri,116.93,104.097,0.792,15–7,15,22,55.8,50.2,41.6,35.4,18.1,16.8,35.7,30.3,69,57.9,46.5,34.7,36.4,11.2,8.5,51.5,52.8,37.2,45.8,66.611,79.027,82.309,2.305,"2,026",0,0,64.165,,67.4,74.5,1.158,1.067,27.306,Missouri
63,Syracuse,115.247,102.63,0.791,13–10,13,23,53.1,48,38.1,34.7,16.2,18.9,30.1,32.5,68.6,54.6,47.9,33.7,32.1,15.9,7.7,48.5,53.2,36.2,34.4,67.84,78.265,80.872,1.836,"2,026",0,0,46.978,,63.3,72.5,1.094,1.02,27.419,Syracuse
64,Northwestern,117.767,105.084,0.788,10–12,10,22,52.3,49.1,36.9,35.9,12.8,16.3,29.2,33.1,66.8,54.6,50.4,32,31.4,11,6.3,66.4,60.4,34.3,38.8,65.835,77.447,80.647,1.497,"2,026",0,0,39.892,,74.3,72.5,1.141,1.071,29.935,Northwestern
65,VCU,119.385,107.001,0.779,17–6,17,23,54.8,49.5,45,34.4,15.7,17.7,33.8,30.6,70,54.7,48.6,36.6,34.3,11.1,8.8,53.3,48.6,44.8,32.2,68.74,77.727,80.937,1.713,"2,026",0,0,21.606,,74,72.7,1.191,1.042,20.852,VCU
66,South Florida,116.954,104.826,0.779,13–8,13,21,51.3,49.2,43.8,41.8,15.9,18.2,37.8,31.9,74.4,52.1,47.2,33.5,35,11.6,14.2,59.2,49.9,44.8,37.4,71.998,77.131,79.731,2.229,"2,026",0,0,32.31,,73.8,70.7,1.161,1.055,19.453,South Florida
67,Butler,117.859,105.733,0.777,13–9,13,22,52.5,50.5,43.6,23.9,16.1,15.7,36.3,30.8,70.9,53.1,51.7,34.3,32,8,12.9,57.2,51.4,36.6,34.6,69.312,78.039,80.775,1.787,"2,026",0,0,50.273,,70.8,73.2,1.144,1.069,28.177,Butler
68,Belmont,120.59,108.336,0.774,20–3,20,23,61.1,48.5,33.9,29.2,18.4,18.1,29.5,30.3,70.4,60.8,46.3,41.1,33.8,11.4,8.9,60.5,53.9,43.2,49.6,68.823,77.686,80.814,1.458,"2,026",0,0,5.44,,67,74.5,1.18,1.027,11.185,Belmont
69,Stephen F. Austin,111.79,100.578,0.771,18–3,18,21,52.3,45.3,29.4,33,14.8,17.2,34.7,29.6,66.7,50.6,46,36.5,29.3,9.5,10.2,49,45.4,41,33.5,65.844,75.526,78.346,2.234,"2,026",0,0,0.2,,66.9,71.8,1.132,0.973,8.849,Stephen F. Austin
70,Oklahoma St.,116.943,105.472,0.766,15–6,15,21,53.6,51.7,38.3,32.1,16.7,17.2,31.4,29.1,75.4,54.1,52,35.1,34.2,7.9,9.5,51.5,59.7,35.2,45,72.321,77.507,80.781,1.925,"2,026",0,0,43.177,,75.2,70.3,1.139,1.059,25.533,Oklahoma St.
71,Oklahoma,118.829,107.394,0.762,11–11,11,22,53.9,50.7,34,32.6,14.5,15.5,34.1,30.8,69.6,55.4,50.9,34.7,33.7,10.5,9.6,51,49.3,44.7,38.6,66.665,77.438,81.419,2.232,"2,026",0,0,54.759,,73.6,73.9,1.183,1.091,29.038,Oklahoma
72,Wake Forest,114.81,103.828,0.761,11–11,11,22,52.6,51.9,33,37.6,16.1,20.1,30.3,33.8,71.4,54,55.5,33.8,32,11.1,7.9,52.8,59.7,44.4,47.3,69.065,77.941,80.07,2.042,"2,026",0,0,36.774,,76.7,74.1,1.108,1.074,31.454,Wake Forest
73,Creighton,117.948,106.719,0.76,12–10,12,22,54.5,51.3,27.7,22.8,15.9,13.7,29.1,31.1,68.1,57.3,50.2,34.3,35.7,6.3,10.6,58.3,48.9,48.7,32.6,65.968,78.287,80.665,1.897,"2,026",0,0,54.739,,75.2,68.4,1.129,1.101,31.127,Creighton
74,Providence,122.735,111.05,0.76,9–13,9,22,54.9,52.2,36.7,33,15.7,13.7,31.7,31.6,73.3,56.4,48.9,35.2,38,11,9,50.2,57.5,40.6,40.8,72.287,78.094,80.157,1.647,"2,026",0,0,46.564,,77.6,72.1,1.169,1.143,31.452,Providence
75,Arizona St.,118.035,106.944,0.757,11–11,11,22,52.4,53.5,40.3,36,16.4,18.9,30,34,71.6,52.5,53.7,34.9,35.4,12.8,10.5,53.5,53.7,39,40.3,69.534,79.006,83.424,1.912,"2,026",0,0,16.694,,73.6,76.5,1.106,1.119,34.897,Arizona St.
76,Stanford,114.064,103.643,0.751,14–8,14,22,49.9,51.8,39.4,41.6,16.2,19,33.5,29.3,69.2,48.9,52.4,34.2,33.8,8.9,10.1,48.6,44.4,43.6,33.1,67.533,77.432,81.078,1.796,"2,026",0,0,32.341,,71.9,75.1,1.096,1.061,25.926,Stanford
77,Illinois St.,109.493,99.552,0.749,14–8,14,22,53.2,48,33.3,36,16.4,17.2,29.5,24.3,68.2,54.5,48.5,34.3,31.3,6.4,7.8,49.2,48.8,40.8,35.1,66.434,76.617,80.13,1.942,"2,026",0,0,1.551,,70,68.3,1.101,0.98,14.43,Illinois St.
78,George Washington,117.878,107.275,0.747,12–9,12,21,55.4,51.7,36.9,33.7,17.3,18,34.9,28.8,71.2,56.7,53.6,35.9,32.8,10.5,10.6,54,60.1,45.4,42.7,70.053,77.904,81.296,2.277,"2,026",0,0,20.096,,72.9,70.9,1.177,1.051,17.141,George Washington
79,Yale,120.83,110.351,0.739,14–4,14,18,56.5,51.9,35,31.2,13.8,16.1,34.5,29.9,66.6,53.2,52.5,41.8,34.1,9.3,10.2,54.7,49.8,34.9,46.1,65.394,77.47,79.714,1.96,"2,026",0,0,10.046,,78.8,71.8,1.233,1.091,13.024,Yale
80,Mississippi,113.189,103.458,0.738,11–11,11,22,50.3,49.1,34.2,41.6,14.6,17.4,30.5,32.9,67.3,49.8,49,34.1,32.8,13.7,8.5,50.4,57.3,37.5,42.7,64.874,77.855,80.586,2.011,"2,026",0,0,45.598,,73.8,69.1,1.096,1.061,31.981,Mississippi
81,Mississippi St.,111.891,102.411,0.735,11–11,11,22,50.4,48.5,32.3,32.3,16.3,13.1,32.2,29.3,71.2,53,50.6,30.9,30.2,11.3,11.1,43.8,48.2,39.7,39.2,68.681,77.464,81.814,2.19,"2,026",0,0,47.716,,68.7,74.1,1.075,1.08,30.254,Mississippi St.
82,Miami OH,117.662,107.755,0.733,20–0,20,20,59.9,50.8,39.1,32.8,15,18.7,25.4,27.6,71.4,63.1,51.8,37.4,32.7,9.3,8,53.1,48.3,45.7,38,70.155,77.522,80.316,1.702,"2,026",0,0,11.055,,77.3,75.6,1.211,1.04,8.811,Miami OH
83,Liberty,118.46,108.615,0.731,15–3,15,18,60.3,50.7,29.5,25.9,13.3,18.3,19.4,33.2,64.7,60.3,48.7,40.2,36,9.7,10.8,59.2,47.4,46.1,38.7,63.402,75.225,78.925,2.394,"2,026",0,0,1.669,,69.8,71.1,1.175,1.065,14.038,Liberty
84,McNeese St.,114.916,105.419,0.729,16–5,16,21,50.6,49.6,38.5,42.7,15.1,24.1,37,36.4,67,52.5,48,31.3,34.3,16.8,7.6,48.6,59.1,35.2,46.9,65.931,77.095,79.723,1.946,"2,026",0,0,48.024,,76.8,71.9,1.144,1.022,17.733,McNeese St.
85,Utah Valley,112.125,102.893,0.729,13–6,13,19,55.5,48.8,36,38.4,20.9,20.9,34.5,31,71,57.8,48.3,33.8,33.1,13.2,7.6,61.3,49.5,33.4,33,69.473,77.971,80.175,1.824,"2,026",0,0,12.714,,69.7,75.4,1.103,1.005,14.992,Utah Valley
86,Colorado,118.694,108.944,0.728,13–9,13,22,54.1,52.6,37.7,34.3,13.9,15.5,30.4,29.6,70,53.9,51.1,36.3,36.8,8.9,7.6,55.9,48.5,33.6,36.3,68.489,78.04,82.543,1.028,"2,026",0,0,35.521,,76.3,71.6,1.166,1.109,24.964,Colorado
87,Georgetown,114.504,105.22,0.726,12–10,12,22,50,49.1,39.2,35.5,14.4,16.2,32,31,67,50.4,47.5,32.8,34.4,11.5,8.9,57.1,51.8,34.4,39.8,65.607,78.194,81.523,1.743,"2,026",0,0,54.489,,74.6,74.2,1.107,1.07,27.016,Georgetown
88,Hawaii,107.173,98.739,0.72,14–5,14,19,53,44.2,42.2,35.6,19.4,17.3,32.1,27,72,54.7,45.4,33.6,27.6,9.1,9.2,52,37.9,39.5,29.9,69.437,78.449,81.551,2.543,"2,026",0,0,9.163,,73.5,67,1.094,0.929,10.027,Hawaii
89,Notre Dame,113.858,105.2,0.713,11–11,11,22,52.3,50.5,34.1,34.4,17.1,14,32.2,25.2,66,52,52.9,35.2,31.8,6.8,8.1,46.3,53.5,41.5,46.1,65.067,78.284,81.092,1.452,"2,026",0,0,64.131,,69.9,74.1,1.102,1.076,30.168,Notre Dame
90,Oregon,114.526,105.88,0.712,8–14,8,22,49.5,51.3,35.7,31.9,18.1,15.6,35,31.9,66.8,50.1,50.7,32.4,34.8,11.9,9.8,56.2,50.3,44,40,65.34,78.645,82.197,2.272,"2,026",0,0,50.028,,71.4,77.6,1.072,1.109,32.987,Oregon
91,Florida St.,113.789,105.518,0.704,10–12,10,22,50.4,52.6,34,34.7,16.3,19.8,32.8,33,73.9,54.2,54,31.2,33.9,10.6,12.3,54.1,56.3,50.8,43.8,71.423,78.248,80.793,2.092,"2,026",0,0,27.055,,71.2,73.1,1.092,1.076,31.117,Florida St.
92,Dayton,109.311,101.448,0.702,15–8,15,23,51.8,51.4,47.4,33.9,17.1,22.9,26.7,31.3,69,53.9,49.5,32.6,36,13.1,10.7,57.9,52,41.8,42,67.649,77.331,80.805,2.204,"2,026",0,0,14.01,,76,69.7,1.087,1.009,19.093,Dayton
93,San Francisco,114.312,106.122,0.702,13–10,13,23,52.3,49,38.4,30.8,16.3,13.7,32.7,27.7,66.7,51.3,49.2,35.6,32.4,8,7.9,55.7,50.4,45.8,35.8,65.111,78.008,81.226,1.781,"2,026",0,0,26.029,,69.2,72.3,1.109,1.065,21.6,San Francisco
94,South Carolina,113.314,105.223,0.701,11–12,11,23,51.8,50.3,36.8,33.5,14.6,14.5,27.7,31.1,68.1,55.3,52.1,31.5,31.2,6.2,11.5,53.1,55.3,44.2,34.2,65.962,77.652,80.694,2.046,"2,026",0,0,56.063,,78.5,71.9,1.116,1.087,28.344,South Carolina
95,Wichita St.,113.229,105.327,0.697,12–9,12,21,49.8,48.1,37,34,15,16.1,39.1,30,66.6,47.9,49.1,35.6,30.8,10,8.5,42.9,46.6,34.7,34.7,65.49,76.295,81.003,2.197,"2,026",0,0,9.243,,68.8,70.5,1.134,1.038,16.811,Wichita St.
96,DePaul,107.892,100.51,0.693,12–11,12,23,50.9,48.1,38,37.7,17.9,18.1,29.6,30.9,68.1,51,46.1,33.9,34.7,10.1,10.9,62.6,57.7,40,32.9,66.378,77.837,80.972,2.082,"2,026",0,0,42.657,,69.9,71.5,1.052,1.018,26.081,DePaul
97,Davidson,112.218,104.563,0.693,12–9,12,21,53.3,51.8,31.7,35.2,16.4,17.8,29.8,31.3,64.4,51.8,53.6,36.8,32.6,11,9,52.2,45.4,43.3,37.8,63.559,77.676,80.137,1.43,"2,026",0,0,25.697,,65.9,67.2,1.092,1.073,20.051,Davidson
98,Kansas St.,113.165,105.455,0.692,10–12,10,22,53.9,51.5,26.4,35.1,16.9,17,31.6,32.7,73.6,52.8,52.7,36.9,33,9.6,10.4,60.6,55.6,42.6,37.5,71.526,77.624,80.856,2.102,"2,026",0,0,37.213,,71.7,72.8,1.11,1.089,31.017,Kansas St.
99,Northern Iowa,103.921,96.908,0.691,13–9,13,22,51.1,46.2,26.3,31.2,14.8,17.6,21.1,26.1,63.4,52.9,50.2,32.3,26.7,9.7,8.8,57.6,49.1,40.3,39.8,61.643,77.634,79.795,2.318,"2,026",0,0,19.938,,66.9,70.3,1.024,0.961,15.322,Northern Iowa
100,Xavier,113.717,106.117,0.689,12–11,12,23,51.1,53.2,28.1,32.7,14.3,17,26.2,29,71.7,48.9,54,36.2,34.5,10.9,10.7,65.5,64.3,41.4,35.7,70.345,78.618,81.554,2.341,"2,026",0,0,32.255,,70.7,68.5,1.07,1.084,28.729,Xavier
101,Memphis,105.991,99.203,0.682,10–11,10,21,48.9,47.8,34,40.3,20,20,35.9,35.1,71,49.5,49.4,32,30.5,12.9,11.6,52.9,57.3,35.7,43.7,68.991,77.809,82.21,2.192,"2,026",0,0,46.438,,71.2,72.2,1.039,1.024,24.052,Memphis
102,Utah,117.885,110.364,0.681,9–12,9,21,53.3,53.6,33.8,30.3,15.5,14.5,29.1,32.9,70.5,52.4,53.9,36.6,35.3,8.1,10.7,49.9,46.8,38.1,33.4,67.925,77.391,80.542,1.845,"2,026",0,0,17.066,,73.3,70.5,1.121,1.148,27.52,Utah
103,Florida Atlantic,112.52,105.554,0.676,12–9,12,21,53.4,50.2,33.8,37.6,18.3,17,32.9,29,71.5,54.5,48.8,34.4,35.1,15.1,7.8,49.4,47.3,40.7,35.8,70.347,77.816,81.092,1.165,"2,026",0,0,41.803,,71.3,73.4,1.108,1.058,17.249,Florida Atlantic
104,Marquette,111.611,104.732,0.675,8–15,8,23,49.4,52.1,34,31.5,15.6,19.1,31.4,33.7,70.5,51.1,52.8,31.4,33.9,8.2,10.3,57.6,58.6,41.1,37.6,69.352,77.716,81.332,1.394,"2,026",0,0,60.123,,66.9,76.8,1.058,1.087,29.936,Marquette
105,Sam Houston St.,113.926,106.93,0.675,12–7,12,19,53,50.9,32.6,39,17,17.6,35.7,31.4,71,51.8,52,36.7,32.9,7.9,7.6,51.2,50,37.3,43.5,69.999,76.365,79.559,1.726,"2,026",0,0,16.003,,71.2,68.8,1.131,1.072,16.73,Sam Houston St.
106,High Point,117.944,110.732,0.674,17–4,17,21,55.6,51.3,43.6,34.8,12.4,21.9,31.4,31.6,70.1,57.9,52.2,34.9,33.3,9.9,9.4,53.3,52.3,42.3,41.2,69.073,76.331,79.604,2.526,"2,026",0,0,13.711,,72.9,70.7,1.22,1.022,6.416,High Point
107,George Mason,112.659,105.774,0.674,19–2,19,21,54.1,48.7,48.2,29.4,15.2,16.5,31.4,27.5,65.9,56,49.2,33.5,32,9.5,10.2,52,52.6,34.3,43.3,64.546,77.899,80.757,2.284,"2,026",0,0,25.203,,72.3,70.9,1.159,1.019,10.664,George Mason
108,Wright St.,114.725,107.777,0.672,13–8,13,21,54.6,51.9,37.1,35.7,16.3,17.2,32.1,30.9,68.7,55.2,53.2,35.7,33,12.3,9,46.5,43.8,35,33.9,66.153,76.888,79.435,1.308,"2,026",0,0,0.2,,74.5,72,1.149,1.088,11.762,Wright St.
109,Colorado St.,117.597,110.524,0.671,11–10,11,21,58,53.8,36.3,33.4,19.2,15.4,32,29.2,63.7,56.6,55.2,39.6,34.8,6.3,8.3,61.1,48,49.1,45.8,61.52,77.67,81.007,1.798,"2,026",0,0,29.244,,76.4,69.8,1.167,1.126,22.63,Colorado St.
110,Wyoming,113.673,106.841,0.671,12–9,12,21,52.3,50.8,39.5,47.2,17.5,16.9,35.1,26.5,68.4,54.4,52.1,33,32.4,8,9.7,53,45,42.3,38.1,66.216,77.151,80.019,1.588,"2,026",0,0,9.527,,74.5,70.8,1.13,1.057,20.253,Wyoming
111,Murray St.,117.636,110.732,0.667,17–7,17,24,54.8,50.4,39.1,32.9,16.4,16,34.3,31.6,73,56.8,49.4,34.9,35.6,8.7,8,50.1,41.4,45.1,25.1,72.13,77.938,81.355,1.832,"2,026",0,0,38.739,,76.6,71.9,1.179,1.082,14.76,Murray St.
112,UC Irvine,104.39,98.321,0.666,13–7,13,20,48.5,44.4,38.6,28.8,17.7,17.9,30.2,31.7,70.1,48.3,40.7,32.7,34,15.3,7.9,54.3,53.2,28.7,35.9,67.993,78.206,81.45,1.399,"2,026",0,0,20.238,,68.6,69.5,1.02,0.963,12.221,UC Irvine
113,Pittsburgh,112.607,106.172,0.663,9–14,9,23,50.8,52.1,30.9,34,17.2,16.8,34.8,28.2,65,50.8,51.9,33.8,34.9,10.4,8.7,50.8,52.4,41.8,40,63.848,77.119,79.916,1.647,"2,026",0,0,55.397,,66.1,76.5,1.085,1.085,28.865,Pittsburgh
114,Pacific,112.371,106.263,0.655,13–9,13,22,53.3,49.5,33.1,38.2,20.5,15.8,36.1,24.7,66.5,53.2,48.1,35.6,34.3,7.3,10.5,56.5,50.4,36.5,42.2,64.521,77.081,80.554,2.547,"2,026",0,0,14.142,,76.8,72.3,1.099,1.047,18.27,Pacific
115,Seattle,101.936,96.625,0.649,12–9,12,21,49.8,48.2,32.7,33.6,17.2,21.8,24.8,33.5,69.3,49.7,49,33.2,31.2,13.7,9,52.9,53.7,38.4,36.7,67.892,77.276,81.118,2.277,"2,026",0,0,10.128,,69.9,72.6,1.009,0.987,19.434,Seattle
116,Cal Baptist,108.969,103.376,0.647,16–6,16,22,48.9,46.9,38.2,37.7,18.4,16.5,38.8,26.9,67.5,49.6,47.7,31.5,30.4,7.4,9.6,41.5,46.8,31.3,33.8,65.379,76.46,81.4,2.1,"2,026",0,0,1.678,,72,74.1,1.077,1.014,14.055,Cal Baptist
117,UC Santa Barbara,115.456,110.027,0.635,13–7,13,20,56.2,53.7,36.6,43.5,18.4,18.3,31.8,26.2,66.8,54.5,53.5,39,35.9,7.4,10.3,57.8,50.7,43.7,38.3,63.714,77.916,80,1.959,"2,026",0,0,53.456,,77.8,72.1,1.156,1.081,11.006,UC Santa Barbara
118,Washington St.,115.448,110.184,0.631,10–13,10,23,55.6,53,32.6,34.8,18.7,14.8,30.5,26.5,69,56.3,52.2,36.5,36.1,8.3,8.9,49.8,49.8,44.8,39.5,67.191,78.025,80.472,1.85,"2,026",0,0,16.571,,73.3,73.6,1.115,1.11,20.208,Washington St.
119,North Dakota St.,112.894,107.86,0.628,16–5,16,21,52.9,52.2,30.4,29.1,16.1,19.8,35,28.8,67.9,53,52,35.1,34.9,9.6,8.1,51.1,53.8,42.4,40.8,65.607,76.237,79.648,1.803,"2,026",0,0,0.2,,71.4,75.6,1.137,1.041,8.428,North Dakota St.
120,Duquesne,111.548,106.62,0.627,10–10,10,20,54.5,51.2,39.2,41.7,18.6,17.2,29.8,28.2,71.3,56.1,51.4,35,34,8.2,11.5,59.7,55.1,45.8,40.4,70.514,77.443,79.97,2.535,"2,026",0,0,6.743,,71.2,73.6,1.111,1.067,17.314,Duquesne
121,Hofstra,114.693,109.709,0.625,12–9,12,21,51.7,47.7,31.4,36,16.8,14.9,35.2,32.3,66.3,47.8,45.9,38,33.6,9.8,11.4,50,54.5,42.3,40.2,65.241,77.342,81.067,1.842,"2,026",0,0,0.2,,76.5,72.8,1.125,1.073,14.481,Hofstra
122,Saint Joseph's,107.503,102.94,0.622,12–8,12,20,48.7,48.8,31.8,27.5,17.2,15.7,32,31.5,69.2,51.7,48,30,33.5,12.8,11.9,59.4,51.1,44.7,37.2,67.928,77.382,80.479,1.631,"2,026",0,0,46.384,,75.7,67.5,1.048,1.045,17.107,Saint Joseph's
123,Illinois Chicago,108.909,104.546,0.615,11–11,11,22,48.1,49.4,39,36.1,18.1,20.1,36.9,34.5,67.4,49,51.3,30.8,31.4,12.3,11.3,52.3,65,33.8,44.7,66.034,77.123,79.648,1.517,"2,026",0,0,10.923,,72.9,74.9,1.069,1.047,15.79,Illinois Chicago
124,St. Thomas,112.746,108.335,0.613,15–6,15,21,58.7,52,35.8,31.2,14.7,18.4,22.1,28.2,70.4,62.8,52.6,35.9,34.1,7.3,7.9,58.6,53.5,45.9,39.8,68.521,77.154,79.387,1.131,"2,026",0,0,19.948,,71.5,75,1.157,1.061,10.39,St. Thomas
125,Bowling Green,108.678,104.747,0.604,11–9,11,20,52.9,50.9,36.5,37.5,17,19.9,30.3,27.2,70,53,52.6,35.1,32.3,10.8,10,49.5,53.1,33.8,42.1,67.754,78.179,81.049,2.484,"2,026",0,0,15.091,,73.1,73.1,1.109,1.015,10.929,Bowling Green
126,Penn St.,115.582,111.897,0.592,10–12,10,22,53.6,57.9,32.6,26.3,14.2,18.3,28,30.8,67.7,55.8,58.9,33.5,37.8,4.5,9.4,49.4,58.4,39.3,44.5,67.163,78.859,81.623,0.961,"2,026",0,0,56.163,,75,76.3,1.129,1.157,28.443,Penn St.
127,UC San Diego,108.501,105.068,0.591,13–8,13,21,53.1,48.4,30.9,31.5,15.8,16.5,27.4,29.1,69.5,54.8,47.5,33.9,33.1,7.1,10.7,53.7,56.2,43.5,43.3,67.117,77.961,80.663,1.649,"2,026",0,0,0.2,,68.3,69.6,1.088,1.028,11.496,UC San Diego
128,UNLV,111.473,108.145,0.586,9–11,9,20,51.4,52.5,44.1,45.8,17.5,18.4,31.5,32.4,71.4,53,52.8,32.3,34.7,11,8.2,52.3,57.4,35.1,37.1,70.102,77.46,81.104,1.697,"2,026",0,0,45.639,,67.9,72.1,1.076,1.105,22.225,UNLV
129,Maryland,110.674,107.526,0.582,8–13,8,21,47.5,55.3,40.6,34.5,18,16.7,32.5,31.3,69.2,46.7,54.4,32.3,37.7,7.3,12.9,44.3,61.1,45.4,42.3,67.463,76.984,80.151,1.918,"2,026",0,0,52.742,,73.3,72.3,1.042,1.145,39.061,Maryland
130,Rhode Island,106.818,103.833,0.581,13–9,13,22,52,51.2,39.1,43.4,19.1,21.7,32.8,31.1,65.9,55.8,49.2,31.3,35.9,12.7,9.8,45.7,54.7,43.1,41.5,65.395,76.303,79.839,2.497,"2,026",0,0,9.576,,72.1,70.6,1.088,1.022,14.816,Rhode Island
131,UAB,110.259,107.237,0.579,13–8,13,21,48.6,50,37.6,31.3,12.7,16.3,33.4,26.6,71.2,51,50,28.6,33.4,8.9,9.9,48.4,52.7,28.8,40.1,69.379,76.524,79.613,1.868,"2,026",0,0,30.848,,71.1,74,1.109,1.045,13.84,UAB
132,Oakland,115.69,112.531,0.579,13–10,13,23,52.3,54,40.3,23.5,14.4,14.9,31,34,71.8,52.6,57.3,34.5,32.7,9.4,12.4,55.4,64,33.2,40.4,70.406,76.659,78.968,2.598,"2,026",0,0,0.2,,74.7,72.5,1.146,1.151,25.579,Oakland
133,Georgia Tech,107.944,105.235,0.573,11–11,11,22,50.4,47.1,35.8,32.7,18.8,15.1,31.3,29.6,71.7,48.6,48.3,36.4,30.3,12.1,10,61.8,56.6,31,43.6,70.531,78.064,80.71,1.667,"2,026",0,0,80.247,,69.4,69.1,1.034,1.026,22.185,Georgia Tech
134,Portland St.,103.672,101.073,0.572,12–6,12,18,52.3,47.3,35.7,46.1,18.6,18.8,31.3,28.5,68.8,52.9,49.1,34.2,29.6,12.4,7.9,55.7,52.9,34.2,37.8,67.346,78.066,80.732,2.377,"2,026",0,0,0.836,,70.5,75.3,1.07,1.012,12.414,Portland St.
135,Troy,112.797,110.107,0.569,13–8,13,21,52.1,51.3,35.5,33.4,16.6,17.8,33.3,31.9,68.4,52.8,51.4,34.2,34.1,8.8,10.9,55.1,49.5,45.1,38.9,66.016,77.699,80.467,1.917,"2,026",0,0,0.2,,73.1,69.2,1.116,1.074,13.259,Troy
136,Middle Tennessee,107.843,105.289,0.568,8–10,8,18,50.8,49.7,29.7,35.2,17.5,14.5,29.7,28.8,66,49.6,50.1,34.8,32.6,11.1,8.7,52.6,48.1,44.5,34.8,64.552,78.295,81.401,2.057,"2,026",0,0,20.709,,66.7,72.9,1.041,1.083,20.155,Middle Tennessee
137,Boston College,102.353,99.971,0.567,9–13,9,22,46.7,46.7,35,33.9,15.6,15.2,28.4,29.3,66,48.6,48,29.4,29.7,12.5,10.9,48.2,47.5,42.8,36.3,65.538,77.682,81.427,1.657,"2,026",0,0,57.121,,65.4,65.7,0.995,1.012,23.992,Boston College
138,Montana,108.386,105.883,0.567,10–9,10,19,56.4,50.6,36.7,33.1,20,15.1,22.7,30.6,71.1,57,51.6,37.1,32.5,6.9,9.1,56.8,51.5,40.5,36.9,69.016,77.106,79.251,1.681,"2,026",0,0,1.859,,78.9,71.2,1.084,1.086,17.672,Montana
139,William & Mary,110.03,107.515,0.566,12–8,12,20,54.4,50.8,39.1,35.3,17.6,19.7,26.4,32.6,74.6,57.6,54.4,33.6,31,11,11.2,65,52.7,45,45.1,73.246,77.364,79.056,2.444,"2,026",0,0,0.2,,75.5,70.5,1.092,1.056,13.803,William & Mary
140,Southern Illinois,102.961,100.72,0.563,9–13,9,22,49.8,48.6,35.6,34.6,17.7,18.2,29.8,28.8,70.2,52.5,50.7,28.5,30.2,10.1,7.8,49.6,53.1,27.7,40.1,69.404,77.277,80.609,1.78,"2,026",0,0,27.323,,66.7,70.2,1.024,1.012,18.468,Southern Illinois
141,Fresno St.,103.444,101.3,0.56,9–11,9,20,49.8,50.2,33.8,28.7,19.6,19.8,28.8,29.7,70.1,51.4,55.8,31.7,28.5,6.5,11.4,53.8,50.6,42.3,42.6,68.207,77.743,81.058,1.334,"2,026",0,0,7.159,,75.8,71.6,1.018,1.017,19.556,Fresno St.
142,Temple,112.355,110.096,0.558,13–8,13,21,50.7,50.3,43.8,32.1,14,16.1,30,31.4,65.6,49.8,51.3,34.8,32.5,12.8,12.2,51.1,50.3,36.5,37.6,64.944,77.451,79.871,1.992,"2,026",0,0,28.957,,75.3,71.3,1.124,1.076,12.809,Temple
143,Bradley,111.104,108.926,0.557,15–8,15,23,50.8,52.7,36,37,13.5,20,27.7,28.5,68.6,49,51.3,35.6,36.6,9,8.8,48.2,52.8,40.2,41.5,67.753,76.553,81.677,1.904,"2,026",0,0,0.887,,74.1,70.1,1.105,1.052,12.534,Bradley
144,Kent St.,109.694,107.549,0.557,15–6,15,21,51.8,52.2,44.2,37.4,19.4,15.9,37.1,29.2,73,52.1,51.8,34.3,35.2,10.1,8.8,57.4,57.1,44.3,42.8,70.792,76.138,79.646,2.017,"2,026",0,0,8.025,,75,72.5,1.121,1.097,14.19,Kent St.
145,Mercer,114.201,112.102,0.553,12–8,12,20,53.9,52.6,36.6,28.3,15.6,17.3,34,33.8,70.6,54.9,50.6,35,36.9,9.5,8.9,48.3,48.7,41.2,42.8,69.745,77.247,80.139,2.073,"2,026",0,0,10.45,,74.7,72.7,1.169,1.117,16.669,Mercer
146,Montana St.,109.98,107.965,0.553,10–10,10,20,52.6,51.6,29.5,32.1,15.8,16,29.2,29.4,67.4,52.8,51.5,34.9,34.5,6.7,7.8,39,45.8,45.4,35.1,65.361,77.342,80.265,2.339,"2,026",0,0,12.213,,75.2,76.8,1.104,1.089,16.251,Montana St.
147,UNC Wilmington,110.734,108.861,0.549,17–3,17,20,50.6,47.5,45.1,28.2,15.1,15,36,26.6,66.1,50,50.7,34.4,28.8,7.9,9,51.9,48.6,38.2,43.3,64.512,78.912,81.003,2.681,"2,026",0,0,10.96,,70.6,72.6,1.141,1.015,7.518,UNC Wilmington
148,UT Rio Grande Valley,107.581,106.098,0.54,10–11,10,21,53.4,48.6,27.3,37.7,18.2,17.3,27.6,32.1,67.3,52.7,49.2,36.2,31.8,8.2,10.7,60.1,60.7,42.2,40.3,66.63,75.653,78.434,1.935,"2,026",0,0,0.2,,74.1,71.3,1.065,1.056,15.862,UT Rio Grande Valley
149,Valparaiso,106.549,105.089,0.54,10–12,10,22,46.4,49.6,38.7,38.6,15.9,17.3,32,30.5,66.6,45.5,51.2,31.9,31.2,11.2,8.8,45.6,48.7,36.8,37,65.042,78.117,81.168,1.468,"2,026",0,0,5.574,,71.5,69.4,1.037,1.051,17.188,Valparaiso
150,Austin Peay,105.974,104.839,0.531,13–6,13,19,50.6,50.9,36.1,32.7,15.7,19.8,29.2,29.7,70.6,50.8,52.8,33.5,32.3,6.6,9.9,56.8,56.4,40.5,42.5,69.212,77.19,80.218,1.769,"2,026",0,0,19.192,,73,68.8,1.081,1.027,11.296,Austin Peay
151,Charlotte,114.362,113.157,0.53,12–9,12,21,53.9,51.1,40.9,40.4,18.1,14.9,36.1,32,63.7,52.9,50.9,36.8,34.2,11.2,8.7,51.8,49.3,43.2,40.5,62.907,78.648,82.223,2.084,"2,026",0,0,13.021,,71.4,71.5,1.14,1.122,12.466,Charlotte
152,East Tennessee St.,110.19,109.072,0.529,14–7,14,21,55.4,50.4,34.4,35.2,14.9,19.4,29.3,28,66.8,57.8,50.5,34.3,33.5,13,8.6,51.5,56.5,38.1,47.5,65.786,76.687,79.654,2.089,"2,026",0,0,14.065,,77.2,72.4,1.16,1.029,9.125,East Tennessee St.
153,Toledo,112.808,111.863,0.524,10–11,10,21,52.6,55.1,33.5,27.1,15.8,18.9,30.9,35.9,70.4,52.2,56.4,35.7,35.5,7.6,8.6,52.8,53.1,32.6,39.9,68.298,76.484,79.982,1.508,"2,026",0,0,22.261,,77.7,69.6,1.13,1.124,15.881,Toledo
154,Idaho,109.649,108.749,0.524,10–9,10,19,52.1,51.7,38,39.7,15.3,15.9,27.9,26.7,69.3,52.2,51.4,34.7,34.9,5.6,8.3,46.3,46,49.6,35.9,66.857,77.233,80.62,1.975,"2,026",0,0,0.2,,74.2,73,1.102,1.089,11.987,Idaho
155,Rutgers,110.544,109.694,0.522,9–14,9,23,46.4,53,37.7,31.2,15.5,16.8,32.8,34.1,66.1,45.4,50.6,32.2,37.9,10.1,9.7,46.2,57.4,35.6,38.5,65.28,77.466,80.463,1.237,"2,026",0,0,38.638,,72.7,76.1,1.045,1.135,34.719,Rutgers
156,Marist,100.397,99.768,0.518,14–7,14,21,50.2,44.5,26.9,39.3,17.1,20.3,27.4,27.5,67.2,52.3,45.5,30.9,28.4,8.3,6.6,58.5,45.4,35.2,37.1,66.341,76.471,79.669,1.933,"2,026",0,0,0.2,,79.1,70.9,1.035,0.935,6.998,Marist
157,Winthrop,112.435,111.783,0.517,13–8,13,21,50.6,51.7,42.6,38.2,14.4,17.1,34.9,29,70.5,50.1,53,34.1,33.3,8.3,11.5,52.6,45.4,44.5,42.3,68.436,76.762,80.783,2.798,"2,026",0,0,21.843,,73.2,74,1.151,1.087,16.551,Winthrop
158,Kennesaw St.,109.534,108.924,0.516,11–8,11,19,49.9,47.6,45.9,47.2,17.4,15.6,36.9,30.7,73.6,50.3,45.1,32.9,34.4,15.6,13.4,51.5,47.7,43.1,37.4,72.18,78.178,80.361,1.278,"2,026",0,0,11.035,,70.9,73.5,1.106,1.069,12.966,Kennesaw St.
159,Missouri St.,109.259,108.781,0.513,10–9,10,19,50.6,51.2,45.4,39.8,17.6,18,32.3,33.6,66.6,53.1,51.1,31.4,34.2,8.8,12.7,54.6,51.3,41.9,36.7,64.74,77.075,79.397,1.827,"2,026",0,0,6.121,,67.2,72.7,1.071,1.087,11.748,Missouri St.
160,Massachusetts,109.52,109.264,0.507,14–9,14,23,53,52.5,39.2,46,18.1,18.2,33,26.3,72,52.7,56.3,35.7,31.5,7.4,8.1,61.8,58.6,35.5,42,70.863,76.861,80.586,2.059,"2,026",0,0,18.557,,68.2,71.7,1.1,1.056,8.308,Massachusetts
161,UT Arlington,102.11,101.945,0.505,12–7,12,19,48.3,46.8,42.6,44.3,21.3,18.4,35.6,28.7,67.8,49.2,50.3,31.1,25.7,9.7,9.1,49.4,50.5,32.8,30.1,65.513,76.753,80.143,1.451,"2,026",0,0,22.252,,73.3,70.1,1.015,0.994,14.242,UT Arlington
162,Marshall,109.812,109.727,0.502,13–8,13,21,54,47.8,29.2,40.7,17.7,16.8,33.6,32.4,70.6,53,47.8,36.8,32,15.6,7.9,58.8,49.4,44.9,40.1,69.048,77.657,82.509,2.488,"2,026",0,0,6.02,,73.3,71.3,1.119,1.063,11.885,Marshall
163,Richmond,110.534,110.537,0.5,12–10,12,22,53.1,51.5,37.8,31,15.1,17.4,27.5,30.7,68.8,50.4,53.5,38,32.8,7.6,7.7,54.7,46.1,40.5,45.8,66.996,76.636,80.53,2.121,"2,026",0,0,5.168,,75.1,69.5,1.124,1.071,15.001,Richmond
164,Cal St. Northridge,108.532,108.608,0.498,11–10,11,21,51,51.8,37,36.5,18.3,15.7,32.4,25.9,75.4,52.3,51.4,32.4,34.8,7.8,10.1,58.7,56.7,34.7,47.9,73.647,77.131,78.928,2.503,"2,026",0,0,31.813,,66.3,75.3,1.059,1.082,13.68,Cal St. Northridge
165,Central Arkansas,108.45,108.591,0.496,10–10,10,20,52.9,54.5,30.9,30.3,15.9,18.3,27.7,27.4,69.6,54.9,57.9,33.9,34.4,5.8,11.4,60.4,60.7,49.5,54.4,68.047,77.053,79.676,1.056,"2,026",0,0,0.2,,67.9,73.5,1.093,1.086,18.109,Central Arkansas
166,FIU,108.405,108.589,0.495,7–11,7,18,50.8,52.7,40.3,35.4,17.1,20.3,32.7,36.4,72.7,50.2,52.6,34.6,35.2,13.1,10.2,51.5,63.1,34.3,44.7,72.412,76.797,80.866,2.133,"2,026",0,0,0.2,,68,70.1,1.071,1.1,16.818,FIU
167,North Texas,100.029,100.213,0.495,10–10,10,20,46.2,47.9,38.2,48,18.4,21.6,32.8,33.1,66.2,47.1,49.5,29.5,30,14.3,11.1,52.2,48.6,34.2,37.3,64.523,77.434,80.223,1.872,"2,026",0,0,7.165,,69.9,71.4,1.001,1.002,16.825,North Texas
168,St. Bonaventure,112.881,113.238,0.491,12–10,12,22,52.4,54,29.9,34.4,16.5,18.1,34.7,30.1,67.8,51.4,54,36.3,36.1,12.4,7.9,55.7,57,31.8,39.2,66.584,76.231,80.335,2.17,"2,026",0,0,12.219,,75.8,76.5,1.125,1.108,15.621,St. Bonaventure
169,Northern Colorado,112.147,112.654,0.487,10–10,10,20,55.1,51.7,27.7,38.9,16.3,12.8,29,24.7,70.1,56.9,53.5,35,32.2,5.5,7.2,54.9,38.2,42.6,35.2,68.134,77.566,80.778,2.321,"2,026",0,0,7.786,,75.1,76.8,1.124,1.118,13.508,Northern Colorado
170,UC Davis,109.834,110.337,0.487,11–9,11,20,53.3,52.7,41.9,40.1,18.2,18.7,26.5,30.7,71.6,53,52.7,35.7,35.2,7.5,9.6,61.3,55.9,43.4,38.8,69.008,76.549,80.157,1.521,"2,026",0,0,17.358,,74.5,72.2,1.08,1.086,14.246,UC Davis
171,Penn,108.693,109.226,0.486,9–10,9,19,50.9,52.5,36.6,28.2,16.1,16.3,31.1,30.9,69.3,46.5,54.7,39.4,32.7,8.9,9.6,54.1,51.5,35,38.9,68.823,77.833,80.807,1.923,"2,026",0,0,16.846,,69.7,69,1.081,1.094,14.519,Penn
172,Arkansas St.,110.254,110.868,0.484,11–10,11,21,50.3,52,37.8,38.2,20,14.8,37,27,72.4,53,53.5,31.3,32.9,6.6,10.7,54.8,50.1,44.5,37.3,71.657,78.38,81.303,2.121,"2,026",0,0,16.982,,76.3,71.6,1.088,1.093,14.721,Arkansas St.
173,Appalachian St.,104.667,105.363,0.481,13–9,13,22,50.2,46.4,34.7,33.2,15.6,14.6,30.6,29.6,63.9,52.2,46.5,31.9,30.9,10.3,9,49.2,53.3,44.8,42.9,62.37,76.349,80.144,1.976,"2,026",0,0,5.15,,63.1,70.7,1.061,1.032,10.361,Appalachian St.
174,Harvard,108.759,109.549,0.479,11–9,11,20,54.2,52.3,26.9,28.9,17.1,17.4,26.5,29.6,64.2,53,53.2,37.5,33.9,10.7,8.2,54.5,52.8,38,40.1,62.982,76.629,78.103,1.435,"2,026",0,0,13.225,,81.8,72,1.097,1.076,13.255,Harvard
175,Columbia,109.661,110.691,0.473,12–7,12,19,54.1,50.6,30.7,32.7,19.4,14.2,36.9,27.1,67.9,54,48.1,36.2,36.7,8.8,9.9,54.7,58.3,37.8,35.6,67.161,77.879,80.318,1.631,"2,026",0,0,8.643,,73.3,73,1.126,1.084,13.814,Columbia
176,San Diego,108.333,109.414,0.471,8–14,8,22,50.8,53.9,27.5,38.9,17.7,20.1,28.7,36.5,70.6,51.4,57.2,33.3,32.7,8.9,10.6,57.6,57.1,43.7,40.8,69.828,76.336,79.236,2.218,"2,026",0,0,25.096,,76.1,71.3,1.044,1.113,19.27,San Diego
177,New Mexico St.,110.763,111.961,0.469,7–11,7,18,49.3,49.5,34.2,46.6,15.7,15.1,33.3,28.8,67,48.4,50,33.7,32.6,9.8,8,50.6,49.2,40.1,41.4,65.639,76.929,80.168,2.474,"2,026",0,0,3.058,,73.9,75.4,1.095,1.089,12.707,New Mexico St.
178,Cornell,120.763,122.157,0.467,8–10,8,18,58.6,57.6,31.5,37.5,16.3,15.3,29,30.2,72.9,58.2,56.9,39.3,39.2,7.4,8.9,66.9,54.9,52.1,38.6,72.528,75.874,77.621,2.302,"2,026",0,0,3.139,,74,71.4,1.186,1.192,15.669,Cornell
179,Charleston,108.055,109.321,0.467,14–8,14,22,50.8,50.2,44,26.3,16,13.9,31.1,31.5,69.2,54.4,50.6,30.1,33.1,12.6,9.1,50.4,54.7,38.8,44.1,67.835,78.07,81.279,1.511,"2,026",0,0,14.135,,73.8,67.4,1.104,1.089,12.418,Charleston
180,Loyola Marymount,103.437,104.669,0.466,10–13,10,23,51.2,48.4,30.8,31.8,18.6,17,26.8,32.9,69.2,50.4,46.8,34.8,34.1,10.7,6.8,51.9,50.3,42,35.9,67.633,78.449,81.245,1.901,"2,026",0,0,32.306,,67.8,74.7,1.023,1.047,18.808,Loyola Marymount
181,Fordham,103.116,104.373,0.465,9–11,9,20,48.6,49,22.3,28,17.3,15.9,36.5,26.3,64.7,52.4,47.8,28,33.8,7.3,7.7,50.6,59,37.1,40.3,63.592,77.57,81.317,2.143,"2,026",0,0,5.417,,70.9,71,1.051,1.022,13.386,Fordham
182,Furman,107.147,108.561,0.462,13–7,13,20,55,49.7,31.5,26.5,18.3,14.1,31.6,29,67.2,59.5,51.4,33.3,31.5,8.9,11.5,58.1,48.9,47.3,41.8,66.268,79.149,81.377,1.611,"2,026",0,0,11.176,,67.8,71.5,1.111,1.07,7.799,Furman
183,Siena,108.51,110.033,0.46,16–7,16,23,51.8,50,32.7,26.9,15.8,18.3,33.2,28.2,64.3,53.7,50.7,31.8,32.6,8.4,9.3,52.3,49.8,32.3,39.7,64.402,76.571,79.809,1.737,"2,026",0,0,2.738,,74.3,72.9,1.112,1.019,7.361,Siena
184,Merrimack,105.67,107.377,0.454,14–9,14,23,48.3,47.6,38.7,38.8,15.5,19.8,25.4,41.5,64.5,49,48.8,31.6,29.9,12.6,11.8,54.6,54.8,46.2,32.2,63.457,76.649,78.573,1.507,"2,026",0,0,0.2,,77.2,73.3,1.045,1.064,13.459,Merrimack
185,South Dakota St.,109.439,111.228,0.454,8–12,8,20,52.7,50.8,32.1,35.2,16.7,15.7,30.5,27.6,68.9,53.8,52.4,34,32.6,7.8,8.6,52.7,53.8,39.4,46.6,68.024,76.75,80.491,1.433,"2,026",0,0,9.168,,69.5,74.3,1.091,1.08,15.922,South Dakota St.
186,Northern Kentucky,108.105,109.92,0.452,11–10,11,21,52.6,54.6,34.1,38.9,16.6,19.4,32.2,32.9,71.1,55.8,53.7,32.4,37.4,9.9,8.1,53.8,53.8,44.4,38.9,69.702,77.079,79.353,2.429,"2,026",0,0,0.2,,73.7,69.4,1.122,1.098,11.754,Northern Kentucky
187,Western Kentucky,104.844,106.635,0.451,10–10,10,20,45.4,50.7,38.2,44.1,14.8,17.6,33.3,29.9,70.9,44,48.5,31.8,35.7,9,12.8,49,60.2,38.9,44.4,69.157,76.797,80.921,2.147,"2,026",0,0,10.133,,73.6,67.8,1.057,1.063,15.602,Western Kentucky
188,Indiana St.,107.697,109.547,0.451,8–14,8,22,52.8,49.7,28.9,28.6,18.7,14.7,25.4,31.4,68.8,58.2,51.1,31,31.4,7,13.9,65.3,41.3,45.8,33.9,68.494,76.887,79.767,2.032,"2,026",0,0,0.2,,68.7,70.1,1.037,1.069,15.761,Indiana St.
189,Buffalo,113.77,115.749,0.451,12–9,12,21,56.1,54.2,42.9,30.9,16,17.6,28,31.6,67.8,54.8,57.4,38.5,33.3,7.7,8.6,54.6,58,44.5,42.9,66.23,75.995,79.636,2.229,"2,026",0,0,31.325,,73.9,74.9,1.16,1.124,9.663,Buffalo
190,Elon,113.694,115.789,0.448,11–10,11,21,54.8,54,33,33.9,15.9,16.6,34,34.2,69.1,55.7,53.2,35.7,36.7,9.8,10.9,55.1,56.4,42.9,45.5,67.031,77.717,80.332,2.033,"2,026",0,0,7.182,,70.2,71.3,1.159,1.149,11.8,Elon
191,Tulane,108.666,110.771,0.445,12–9,12,21,50.4,51.2,45,38,15.2,17.9,22.3,35.9,68,51.7,50.4,32.5,34.9,13.6,10.1,54,56.4,44.4,40.2,66.438,77.343,79.181,1.96,"2,026",0,0,50.916,,77,69.6,1.071,1.093,12.19,Tulane
192,Drexel,103.025,105.028,0.445,11–11,11,22,50.4,46.6,29.9,35.9,18.6,17,32.2,30.9,64.8,48.2,47.4,35.7,30,10,9.5,54.9,47.4,40.6,33.6,63.365,77.124,80.831,2.171,"2,026",0,0,2.177,,64.6,74,1.035,1.019,8.445,Drexel
193,Utah Tech,107.932,110.058,0.444,10–11,10,21,52.3,50.8,29.1,35.5,18.2,18,28.8,34.3,68.9,53.5,54,33.6,29.7,7.7,8,53.1,47.7,38.4,33.6,66.405,78.161,79.904,1.775,"2,026",0,0,0.2,,71,73.5,1.05,1.088,20.27,Utah Tech
194,Texas A&M Corpus Chris,101.622,103.653,0.443,8–11,8,19,47.1,50.7,43.3,44.4,18.5,20,31.1,29.8,67,46.1,51.8,32.8,32.5,8.2,12.7,50.7,51.8,30,35.9,65.64,76.306,79.59,2.51,"2,026",0,0,2.284,,65.6,71.2,0.996,1.038,18.779,Texas A&M Corpus Chris
195,New Orleans,111.842,114.2,0.44,10–13,10,23,50.7,49.7,43.3,39.6,20.9,14,35.5,34.6,70.1,50.2,49.6,34.3,33.2,10.6,10.5,51,60.9,35.4,40.5,69.322,77.842,80.906,1.791,"2,026",0,0,0.2,,75.2,72.9,1.068,1.134,21.206,New Orleans
196,Towson,102.661,104.839,0.44,11–11,11,22,46.2,50.7,30.4,31.3,16.4,16.2,36.4,26.6,64.6,49.3,53.5,27.1,31.2,8.6,6.9,38.6,47,36,42.3,63.49,78.238,81.003,2.197,"2,026",0,0,0.586,,68.5,71,1.039,1.045,17.137,Towson
197,Lipscomb,108.016,110.377,0.438,13–8,13,21,53.8,52.5,27.2,31,15.9,18.2,25.5,30.5,71.5,53,53.3,36.5,34.3,7.2,10.7,62.6,46.9,46.4,41.2,69.671,77.215,80.951,2.112,"2,026",0,0,0.2,,76.1,72.9,1.099,1.079,16.96,Lipscomb
198,Youngstown St.,106.997,109.345,0.438,8–12,8,20,53.1,51.6,32.5,41.7,19.5,18.4,33,32.2,69,55.9,50.9,33.7,35.4,9.5,11.4,52,48.4,51.2,31.5,66.892,76.482,79.823,2.53,"2,026",0,0,4.382,,72.8,75.6,1.092,1.088,11.252,Youngstown St.
199,Jacksonville St.,106.076,108.501,0.435,8–10,8,18,49.6,49.5,43.4,36.1,18,16.4,30.3,29.6,65.8,48.3,49.7,34.4,32.9,9.5,10.2,51.1,49.4,39.6,42,64.427,77.176,80.064,2.012,"2,026",0,0,0.555,,68.1,75.3,1.044,1.063,10.638,Jacksonville St.
200,Tarleton St.,106.382,108.92,0.433,7–11,7,18,48.7,57.2,43.8,47.5,20,24.2,32.5,33.2,71.6,48.6,58.6,32.7,36.8,8,9.9,43.8,56.8,25.6,41.8,70.555,75.6,78.255,1.862,"2,026",0,0,15.377,,76.3,71.2,1.041,1.076,17.873,Tarleton St.
201,Quinnipiac,105.986,108.535,0.432,14–9,14,23,49.8,49.8,31.5,30.7,15.8,17.7,32.6,32.9,70.9,48.5,47.7,35,35.7,12.4,10.8,49.9,52.4,32.6,35.8,69.974,78.062,80.881,1.395,"2,026",0,0,15.6,,70.4,72.5,1.067,1.047,12.5,Quinnipiac
202,Navy,103.174,105.9,0.426,15–6,15,21,52.5,47.8,38.9,27.4,17.6,18.1,30.9,26.7,65.7,52.3,50.4,35.3,29.7,9.4,9.1,59.2,50.3,33.7,43.5,65.28,74.711,78.531,2.57,"2,026",0,0,0.2,,74.1,73.7,1.096,0.99,8.189,Navy
203,Oregon St.,107.231,110.094,0.425,12–12,12,24,50,50.4,44.4,36,18.2,15.9,25.2,32.9,66.7,48.7,51.4,34.4,32.6,10.9,9.8,59.5,54.7,45.5,40.7,65.33,78.576,82.863,1.622,"2,026",0,0,0.766,,77.4,74.1,1.04,1.1,15.624,Oregon St.
204,Portland,105.921,108.75,0.425,8–14,8,22,50.7,53.2,35.2,35.1,19.2,17.7,28.4,32.4,70.4,53.9,52.6,30.1,36,9.1,6.6,61.5,63.9,36.1,45.1,68.973,78.678,81.59,1.308,"2,026",0,0,0.2,,72.6,75.7,1.028,1.116,18.933,Portland
205,Stony Brook,106.054,108.894,0.425,12–9,12,21,50.7,50.5,28.9,34.2,16.8,16.7,28.9,31.9,66,47.8,48.8,36.1,35.4,10.9,12,54.7,54.3,45,39.2,64.794,77.591,80.163,1.673,"2,026",0,0,3.154,,70.5,72,1.061,1.077,10.872,Stony Brook
206,Drake,109.766,112.752,0.423,10–12,10,22,52.3,52.4,36,33.9,14.6,14.9,26.3,29.2,68.4,51.6,51,35.3,36.1,8.5,8.2,51.8,54.3,45.3,43.3,66.576,76.952,80.19,1.996,"2,026",0,0,10.908,,71.6,67.5,1.102,1.103,13.515,Drake
207,Lamar,106.644,109.642,0.421,10–11,10,21,48.9,50.8,27.6,45.1,17.8,17.8,36.4,29.3,65.8,47.2,49.1,34.8,35.8,14.1,8.2,56.9,55.3,34.8,37.7,64.528,77.249,81.144,2.123,"2,026",0,0,0.2,,72,67.1,1.063,1.055,12.896,Lamar
208,Cal St. Fullerton,106.298,109.419,0.418,8–13,8,21,50.8,55.6,39.4,35.9,15.6,19.9,25.2,30.2,76,51.6,57.2,33.1,35.9,8,7.4,52.4,58.3,41.1,47.2,73.44,75.888,79.19,1.857,"2,026",0,0,6.822,,69.5,74.8,1.054,1.108,18.017,Cal St. Fullerton
209,LIU,106.219,109.388,0.416,14–8,14,22,52.6,51,33.8,35.1,19.6,18.7,36,33.4,69.5,51.5,51.9,36.8,32.8,13.4,9.2,50.4,49.4,29.5,33.6,68.276,77.702,79.104,2.418,"2,026",0,0,0.2,,65.1,68,1.074,1.063,14.25,LIU
210,Eastern Michigan,103.33,106.504,0.414,8–14,8,22,49.6,50.4,31.2,33.6,17.7,16.8,28.7,29,68.4,49.5,51,33.1,32.8,10.5,10.8,48.8,52.3,32.3,36,65.577,77.987,80.703,2.01,"2,026",0,0,21.937,,72.8,73.3,1.02,1.068,18.275,Eastern Michigan
211,Weber St.,110.264,113.837,0.409,9–12,9,21,51.9,54,40.5,38.7,16.5,17.3,32.3,29,71.3,50.8,56.7,35.9,33,4.7,11.3,48.8,49.2,33.4,38.3,69.259,76.285,79.221,1.741,"2,026",0,0,5.455,,70.7,73,1.104,1.11,14.073,Weber St.
212,Green Bay,112.865,116.705,0.405,10–12,10,22,54.7,55.8,43.3,38.6,16.3,13.1,24.8,29.4,65,54.9,55.9,36.2,37.1,9.1,9.2,54.5,59.1,39.6,45.4,62.893,76.816,79.045,1.653,"2,026",0,0,0.2,,75.4,72.4,1.121,1.192,15.302,Green Bay
213,Ohio,107.056,110.725,0.404,11–11,11,22,51.1,52.6,37.1,37.5,16.7,17.5,29.3,33.4,71,55.2,51.7,29.7,36.2,7.9,8.3,45,47.5,38.1,34.3,69.337,76.824,79.677,2.145,"2,026",0,0,7.473,,70.5,72.8,1.07,1.108,14.665,Ohio
214,Robert Morris,109.649,113.455,0.403,12–10,12,22,53.9,51.7,29.5,44.9,19,15.8,37.9,28.7,66.7,52.3,51.3,37.5,34.9,5.6,10.6,63.3,52,40.5,35.9,64.681,76.96,79.917,1.763,"2,026",0,0,8.796,,69.4,76,1.12,1.119,10.912,Robert Morris
215,Bethune Cookman,104.343,107.975,0.403,10–11,10,21,50.5,50.9,38.2,39,18.7,16.2,28,32.1,70.9,50.1,51.2,34.2,33.6,11.5,7.5,50.5,52.2,31.5,34.1,68.451,77.449,79.021,2.579,"2,026",0,0,0.611,,69.4,72.3,1.022,1.102,24.444,Bethune Cookman
216,Dartmouth,107.018,111.134,0.393,8–10,8,18,53,50.5,36.9,29.2,18.1,13.7,26,31.3,69.3,49.4,52.3,37.8,31.8,10.2,12.3,52.8,46.4,48.4,39,69.344,77.036,79.341,1.834,"2,026",0,0,0.2,,71.3,72.9,1.064,1.107,14.831,Dartmouth
217,La Salle,104.471,108.49,0.393,6–16,6,22,46.1,54.2,36.8,29.9,18.9,17.1,33.4,32,65.6,46.4,53.9,30.2,36.3,7,12,58.6,62.9,30.7,43,64.611,77.667,80.475,2.013,"2,026",0,0,9.979,,71.3,69.2,0.999,1.116,19.766,La Salle
218,Campbell,110.54,114.843,0.392,8–13,8,21,50.1,56.6,44.8,38.6,18.3,17.1,32.6,31.9,71.1,51.5,56.1,32,38.4,3.9,10.5,43.2,51.5,38.7,29.7,70.294,76.278,78.827,2.257,"2,026",0,0,0.964,,71.3,74.9,1.073,1.16,20.83,Campbell
219,Queens,113.596,118.095,0.39,11–11,11,22,55.7,55,32.8,39.3,15.4,14.5,32.4,33.4,70.2,58.5,54.6,35.1,37.1,8,10.3,55.9,52.1,48.6,40.8,68.654,78.218,80.789,1.748,"2,026",0,0,8.972,,74.9,73,1.178,1.189,18.87,Queens
220,Colgate,109.006,113.683,0.382,11–10,11,21,53.7,52.6,28.1,32.7,15.1,16,27.1,30.1,67,53.8,53,35.7,34.7,8.7,6.3,51.1,53,33.9,40.6,66.478,77.401,80.301,1.506,"2,026",0,0,0.2,,72.8,72.7,1.101,1.112,16.98,Colgate
221,Princeton,105.101,109.748,0.378,7–14,7,21,49.2,51.3,34.1,34.3,16.7,14.6,27.2,28.2,65.4,48.2,54.9,33.6,30.7,6.6,10.6,55.1,50,46.3,40.4,64.25,77.571,80.051,1.082,"2,026",0,0,18.643,,74.2,73.8,1.036,1.1,14.736,Princeton
222,Purdue Fort Wayne,106.029,110.767,0.377,11–9,11,20,52.5,55,28.2,27.7,14,19.8,22.1,36.2,69.8,53.2,53.9,34.5,37.7,10.4,8.8,52.9,54.5,47.8,43.7,68.06,76.289,80.261,2.182,"2,026",0,0,0.2,,72.5,77.9,1.078,1.128,17.545,Purdue Fort Wayne
223,Wofford,109.998,114.914,0.377,13–8,13,21,51.6,53,37,35.2,14,15.3,31.5,30.5,68.7,50.7,52.5,35.3,35.9,9.2,9.9,52.4,50,42.3,37.3,67.466,75.86,78.387,1.152,"2,026",0,0,0.2,,72.6,77,1.138,1.137,10.952,Wofford
224,South Alabama,103.678,108.324,0.377,14–6,14,20,51.5,48.6,39.6,20.8,13.6,18.4,26,32.3,65.7,53.4,50.9,31.8,31.5,10.7,12.2,43.8,71.8,33.7,64.4,64.417,77.356,79.586,2.408,"2,026",0,0,2.307,,65.9,72.8,1.069,1.036,7.746,South Alabama
225,American,105.043,109.771,0.376,11–10,11,21,51.4,53,28.1,44,16.6,19.1,25.6,31.3,67.7,53.2,53.8,32.8,34.4,5.1,9.6,50.3,50.9,45.2,37.1,67.353,76.798,78.622,1.221,"2,026",0,0,0.2,,77.1,72.3,1.061,1.087,12.834,American
226,Detroit Mercy,109.416,114.436,0.374,7–12,7,19,48.4,53.7,32.1,40,16.7,14.1,34.8,31.2,71.1,47.3,55.4,33.7,34.4,9.3,7.6,49,61.3,32.9,45.5,69.194,77.263,80.377,1.419,"2,026",0,0,5.002,,76.9,72.4,1.079,1.16,14.812,Detroit Mercy
227,Eastern Washington,109.488,114.543,0.373,4–17,4,21,51.2,56.6,33.5,37.3,18.5,16.6,31.5,32.7,69.5,50.4,57.4,35.2,36.9,7.9,8.3,46.3,52.3,35.2,39.7,67.946,76.54,80.102,2.721,"2,026",0,0,6.188,,75.1,76.7,1.076,1.169,18.64,Eastern Washington
228,Rice,109.156,114.335,0.37,7–13,7,20,48.5,52.3,36.9,40.4,18,16.9,35.1,35.1,66.7,44.6,51.2,35.9,36.2,10.5,10.4,45.4,49,41.8,35.6,65.255,76.471,79.322,2.226,"2,026",0,0,11.485,,68.5,75.2,1.059,1.147,16.004,Rice
229,Florida Gulf Coast,108.689,113.975,0.367,8–13,8,21,52.7,53.2,30.8,40.9,16.9,16.5,31.6,30.4,70,51.6,52.9,36.3,35.7,9.9,10.4,52.5,51.8,38.7,46,67.708,77.212,80.011,1.703,"2,026",0,0,20.899,,73.7,75.1,1.102,1.134,15.068,Florida Gulf Coast
230,Idaho St.,111.381,116.845,0.366,7–13,7,20,53.3,52.9,39.4,36.4,17.9,15.5,33.4,31.2,66.5,53.6,54.9,35.2,33,11.3,8.7,49.3,46.7,44.1,37.1,63.732,77.472,80.254,2.125,"2,026",0,0,0.2,,74.4,77.2,1.104,1.144,17.667,Idaho St.
231,James Madison,109.478,114.952,0.363,10–12,10,22,52.7,49.8,35.8,43.9,17.5,12.9,30.3,31.2,67.5,51.4,49.2,36.2,33.8,12.3,12.3,51.7,49.5,45.9,38.5,65.49,77.321,79.983,2.072,"2,026",0,0,22.062,,70,72.2,1.1,1.129,13.585,James Madison
232,Monmouth,102.098,107.222,0.363,10–12,10,22,48.7,49.5,34,31.9,17,19.7,30.9,33.8,67,47.8,48.4,33.8,34.2,13.6,9.7,54.9,50.4,32.2,38.2,65.754,78.178,80.428,1.844,"2,026",0,0,12.081,,73.3,71.4,1.035,1.044,10.95,Monmouth
233,San Jose St.,110.121,115.86,0.358,5–16,5,21,48.2,57.6,33.5,34.3,17.2,18.2,31.1,36.3,65.3,46,58.8,34.5,37.1,5.2,9.2,41.9,59.3,38.2,40,63.59,76.605,80.089,1.28,"2,026",0,0,28.051,,74,76.8,1.039,1.186,26.272,San Jose St.
234,Nicholls St.,105.221,110.81,0.355,9–13,9,22,50.3,54.7,35.4,40.8,17.4,21.7,27.6,35.1,69.4,49.4,55.9,34.3,35.1,7.7,10.4,52.8,56.4,44.8,37.5,68.407,77.661,80.267,2.675,"2,026",0,0,5.933,,66.1,76.9,1.029,1.107,16.404,Nicholls St.
235,Iona,102.118,107.692,0.352,14–9,14,23,51.6,48.6,28.1,27.8,16.9,16.9,26,32.3,69.6,50.5,51,35.4,30,8.1,10.4,53.5,56.4,44.5,39,69.693,77.053,80.596,2.341,"2,026",0,0,17.718,,69.8,70.4,1.045,1.038,9.314,Iona
236,Saint Peter's,103.274,109.058,0.348,11–8,11,19,45.2,48.6,36.1,47.6,17.2,20.7,36.9,33.7,65.9,45.6,47.7,29.7,33.4,10.5,10.8,52.5,54.8,40.3,37.1,65.532,76.753,79.647,2.038,"2,026",0,0,0.2,,75.2,73.6,1.043,1.035,10.314,Saint Peter's
237,Coastal Carolina,103.047,108.911,0.346,13–10,13,23,47.9,46.6,31.2,36.5,15,12.2,25.8,26.6,68.6,46,45.6,33.6,32.2,8,7,41.6,40.2,42.3,36.4,67.218,77.45,80.485,2.112,"2,026",0,0,14.983,,73.3,70.6,1.02,1.045,10.851,Coastal Carolina
238,Tennessee Martin,100.972,106.797,0.344,15–5,15,20,50.7,45.8,42.1,37.1,22,18.7,37.1,31.1,67,53.6,47.8,31.6,28.6,12.6,10.3,56.6,55.1,46.8,40.2,64.526,78.378,80.11,1.016,"2,026",0,0,0.2,,67.7,66.2,1.048,0.975,7.223,Tennessee Martin
239,Vermont,107.589,113.937,0.341,12–9,12,21,53.1,51.1,30.7,37,14.2,13.8,26.2,23.3,64.5,55.2,50.2,33.6,34.9,8.7,9.6,47.5,51.3,44.6,42.2,64.403,77.596,80.443,1.798,"2,026",0,0,8.451,,73.9,73.8,1.109,1.084,7.241,Vermont
240,Long Beach St.,106.277,112.568,0.34,6–15,6,21,50.2,54.5,29.8,42.5,17.7,17.7,28,28.4,69.5,51.7,55.2,31.5,35.6,7.3,6.7,48.1,55.5,35.2,35.7,67.429,77.509,80.811,1.434,"2,026",0,0,10.786,,72.8,75.8,1.028,1.116,17.781,Long Beach St.
241,UNC Asheville,103.976,110.23,0.338,7–13,7,20,51.3,51.4,40.9,38.9,18,15.7,29.6,31.3,67.6,49.5,53,36.6,32.4,8.5,8.2,40.8,48.3,33.3,37.4,65.014,78.674,81.296,1.956,"2,026",0,0,2.161,,70,68.6,1.061,1.092,12.127,UNC Asheville
242,Nebraska Omaha,105.139,111.487,0.338,8–12,8,20,51.9,52.5,35.8,34.1,16.9,14.9,26.4,29.3,68.9,53.5,55.4,33.1,32.7,8,11.9,47.4,54.7,40.3,45.3,67.128,77.347,80.685,2.431,"2,026",0,0,4.423,,71.7,74.4,1.063,1.118,12.24,Nebraska Omaha
243,Sacramento St.,107.426,114.359,0.328,6–13,6,19,47.5,55.3,40.3,36.1,15.3,16.8,27.5,33,72.7,46.8,56.1,32.5,36.1,8.6,8.4,50,58.8,36.1,41.6,71.725,77.27,79.78,1.509,"2,026",0,0,19.024,,77.9,74,1.052,1.157,18.254,Sacramento St.
244,Lindenwood,102.128,108.796,0.326,11–10,11,21,48.4,49.7,39.8,35.7,19.2,18.8,33.5,32.1,73.8,50.9,49.8,28.6,32.9,11,9.3,49.3,47.7,31.2,33.2,72.676,77.172,79.905,1.882,"2,026",0,0,0.2,,67.8,68,1.021,1.031,14.117,Lindenwood
245,Old Dominion,103.577,110.394,0.325,6–16,6,22,48.8,50.7,33.1,42,15.8,14.4,25.2,29.7,70.1,47.4,52.3,34,31.9,7.8,11.2,48,53,38.3,36.3,68.603,77.436,80.377,2.181,"2,026",0,0,15.17,,72.1,74.3,1.028,1.108,16.436,Old Dominion
246,Grambling St.,102.177,108.938,0.324,8–10,8,18,51,51.5,46.3,42.4,22.1,20.7,30.6,34,69.2,50.8,52.1,34.2,33.6,7.3,13.6,53.2,51.3,37.2,36.1,66.871,78.24,79.291,2.55,"2,026",0,0,0.269,,71.6,73.3,1.014,1.066,14.344,Grambling St.
247,Charleston Southern,103.584,110.453,0.323,8–12,8,20,52.7,46.7,31.6,45.2,17.5,12.9,29.3,29,73.6,53.7,45.8,34.5,32.4,10.7,9.6,55.3,40.2,50.4,31,71.575,76.905,80.055,2.244,"2,026",0,0,0.2,,64,70.3,1.07,1.062,9.504,Charleston Southern
248,Radford,107.851,115.089,0.321,10–11,10,21,51.6,53.5,42.5,43.8,16.8,18.6,29.1,32.8,72.8,52.6,53,33.6,36.2,9.8,8.9,45.6,55.8,45.8,39.1,70.849,77.036,80.16,2.059,"2,026",0,0,27.619,,72.1,71.5,1.092,1.109,13.026,Radford
249,Southern Miss,101.994,108.862,0.321,10–12,10,22,48.4,51.9,42.7,41,18,17.9,30.1,28.2,69.1,51.8,49.5,26.8,36.9,10.2,10.8,43.9,49.1,28.9,41.3,68.026,77.724,79.809,2.135,"2,026",0,0,2.44,,74.1,71.5,1.034,1.068,12.213,Southern Miss
250,Howard,99.538,106.42,0.317,10–9,10,19,47.6,48.8,41.4,40.8,20.6,21.3,35.2,32.3,69.1,47.1,49,32.5,32.3,10.2,12.2,57.8,49.4,34.2,35.3,68.515,76.22,78.687,1.836,"2,026",0,0,0.2,,73.6,69.9,1.017,1.002,11.162,Howard
251,Northeastern,110.535,118.535,0.309,6–15,6,21,53.5,56.3,31.2,41.2,16.5,18,28.3,32.8,70.1,54.2,57.8,34.8,35.7,8.8,9.6,55.2,48.9,37.4,35.2,70.009,77.689,80.119,1.317,"2,026",0,0,0.2,,68.7,74,1.093,1.155,11.875,Northeastern
252,Cal Poly,107.274,115.047,0.309,7–14,7,21,51.4,55.1,37.9,35.6,21.1,16.4,30.6,30.5,76,52.8,56.5,33.5,35.4,5.4,11.2,48.2,53.5,52.5,41.8,73.806,77.615,79.599,1.121,"2,026",0,0,0.2,,76.1,72.4,1.05,1.138,16.724,Cal Poly
253,Milwaukee,106.074,114.022,0.303,8–15,8,23,49.4,55.1,30.8,36.5,15.1,16.1,33.8,30.4,69.8,50.3,55.7,31.9,36.2,8.8,9.5,46.8,55.6,38.4,40.2,68.094,76.622,79.676,1.957,"2,026",0,0,9.264,,67.8,73.6,1.076,1.155,18.678,Milwaukee
254,Denver,114.148,122.76,0.302,7–14,7,21,52.9,57,33.7,35.3,14.8,13.2,29.6,35.3,70.1,51.4,57.1,36.8,37.9,5.1,8.9,39,43.5,38.1,37.9,68.272,77.207,79.465,2.29,"2,026",0,0,0.2,,76.7,69,1.14,1.228,18.713,Denver
255,Incarnate Word,106.853,114.956,0.301,7–13,7,20,49.9,54.1,34.5,44.2,16.8,16.8,31.5,32.1,66.8,47.8,56.1,35.6,33.6,8.6,8.6,42.8,51.8,37.8,34.9,66.613,76.396,79.575,2.464,"2,026",0,0,0.2,,69.6,73.3,1.068,1.132,15.618,Incarnate Word
256,Fairfield,107.519,115.737,0.3,13–10,13,23,48.5,51.5,27.1,29.1,14.8,16.2,36.2,28.8,67.1,47.7,51.6,33.2,34.2,9.1,11.2,43.4,52,36.2,35.2,66.81,76.346,79.673,1.13,"2,026",0,0,0.2,,70.6,74.7,1.09,1.083,7.526,Fairfield
257,Texas St.,102.043,109.924,0.298,11–11,11,22,48.4,51.7,34.3,38.6,19.1,18.6,33.4,28.1,68.4,48.7,50.8,31.7,35.4,10.5,10.5,48.3,45.1,25.2,37.3,66.575,76.766,79.664,2.008,"2,026",0,0,0.2,,75.2,71.7,1.022,1.059,7.54,Texas St.
258,North Dakota,107.524,115.897,0.297,10–12,10,22,49.5,57.3,36.5,47.1,14.8,20.3,28.6,31.7,69.8,49.1,57.6,33.5,37.9,7.7,9.2,42,59.6,39.8,42.5,67.37,76.744,79.98,1.562,"2,026",0,0,15.515,,68.1,70.6,1.057,1.137,15.693,North Dakota
259,UMBC,104.352,112.574,0.295,11–8,11,19,53.2,51.4,33.7,24.8,15.5,15,22.9,27.7,66.7,53.8,51.2,34.9,34.4,6.5,7.6,47.8,44.1,39.1,35.1,65.465,76.92,79.409,2.073,"2,026",0,0,7.923,,73.6,66.8,1.08,1.06,9.602,UMBC
260,Southern,104.23,112.598,0.292,6–13,6,19,47.9,54.7,39.7,44.1,17.3,19,31.4,32.4,72,47.1,54,33,37.1,10.6,10.5,48.3,53.1,32,41.2,69.981,76.731,79.413,2.494,"2,026",0,0,0.2,,68.3,77.3,1.027,1.137,22.255,Southern
261,Abilene Christian,102.58,110.818,0.291,7–11,7,18,47.9,56.7,37.4,52.9,20.5,22.8,32.4,31.1,68.2,47.3,55.5,32.9,39.5,8.9,11.6,54.5,50.6,32,32,65.83,77.504,80.321,2.254,"2,026",0,0,12.656,,70.5,74.8,0.993,1.095,17.322,Abilene Christian
262,Georgia Southern,107.529,116.165,0.291,12–10,12,22,49.5,51.9,42.2,40.6,14.6,19.1,29.4,35.6,72,52.3,52.9,30.9,33.5,9.8,10.1,40.2,44.9,46.7,38.8,70.39,76.955,80.047,2.452,"2,026",0,0,11.251,,71.9,73,1.09,1.103,6.885,Georgia Southern
263,SIU Edwardsville,98.954,106.929,0.291,12–9,12,21,48.9,45.2,32.9,35.5,17.8,17.3,31,33.3,65.8,47,46,35,29.3,11.9,8.5,51,49.1,34.5,39.4,63.728,77.367,81.471,2.521,"2,026",0,0,8.298,,67.4,72,1.023,1.005,6.682,SIU Edwardsville
264,Louisiana Tech,100.483,108.718,0.288,9–9,9,18,45.7,48.4,33.7,36.3,17.5,16.7,35,30.5,63.5,47.4,48.1,28,32.5,14.3,10,44,55.4,31.9,47.6,62.719,77.849,80.264,1.801,"2,026",0,0,20.592,,65.3,71.5,1.011,1.041,11.53,Louisiana Tech
265,Southeast Missouri St.,102.549,111.076,0.285,10–10,10,20,51.1,51.9,36.7,49.6,17.2,19.3,29.4,27.6,70.8,53.5,50.7,31.3,36.1,8.7,9.1,48.6,45.5,36.9,36.2,69.37,76.282,79.227,2.266,"2,026",0,0,9.828,,67.3,74.1,1.046,1.056,12.608,Southeast Missouri St.
266,Presbyterian,103.945,112.931,0.278,8–13,8,21,50.7,51.1,39.4,37.6,19.7,15.1,34,30.2,65.7,52.1,49.8,31.6,35.6,11.5,8.2,50.8,49.1,29,37.1,63.783,78.176,80.606,1.556,"2,026",0,0,0.2,,67.8,71.4,1.043,1.101,11.86,Presbyterian
267,Pepperdine,100.54,109.375,0.275,4–17,4,21,46.5,53,34.4,26.6,19.1,16.8,28.1,34.1,68.3,49.2,54.9,28.3,33.5,6.7,11.2,55.1,53.3,40.3,42.1,66.394,78.472,81.544,1.413,"2,026",0,0,28.929,,77.5,74.7,0.975,1.119,21.53,Pepperdine
268,Western Carolina,108.936,118.674,0.272,6–13,6,19,49.4,56.1,30.5,42,17.9,14.2,33.9,28.2,69.9,49.8,55.1,32.5,38.1,7.7,7.5,45.4,51.9,39.5,46.3,68.429,77.155,81.064,1.916,"2,026",0,0,0.2,,69.3,73.4,1.057,1.18,19.177,Western Carolina
269,Cleveland St.,111.575,121.795,0.267,6–14,6,20,54.2,55,43,34.3,18.9,14.3,28.9,38.8,71.2,50.1,58.7,38.8,33.7,7.5,15.7,58.7,57.7,50.3,45.6,68.903,76.283,79.006,2.149,"2,026",0,0,6.106,,76.4,77.4,1.103,1.241,14.094,Cleveland St.
270,Eastern Kentucky,109.033,119.051,0.267,5–16,5,21,51.5,55.2,29,38.8,17.6,14.7,32.9,31.7,69.1,50.8,57.3,34.8,34.6,7.9,7.9,51.4,53,50.9,39.1,67.123,76.273,79.467,1.858,"2,026",0,0,7.569,,72,73.1,1.091,1.18,14.634,Eastern Kentucky
271,Western Michigan,108.629,118.695,0.265,7–13,7,20,50.5,53.9,32.2,37.2,17.7,13.8,31.5,31,69.4,49.9,55.1,34.4,35,7.6,10.7,49.7,56.9,36.6,47.3,67.512,77.063,80.438,1.572,"2,026",0,0,9.891,,71.9,70.9,1.067,1.162,16.421,Western Michigan
272,Georgia St.,101.309,110.703,0.265,7–14,7,21,44.5,50.1,36.6,35,16.9,16.8,27.8,33.8,69.2,42.6,50.5,31.1,33,7.6,8.7,52.3,52.1,46.7,39.4,67.784,77.298,79.87,1.343,"2,026",0,0,17.896,,79.7,69.8,0.986,1.081,12.347,Georgia St.
273,Southern Utah,103.853,113.547,0.264,5–15,5,20,49.8,53.9,31.6,28.2,20.2,14.7,27.3,34.6,71.4,51,51.7,31.7,39.2,9,11.1,48,50,35.1,31.5,70.251,78.475,81.708,2.001,"2,026",0,0,10.825,,72.1,70.6,0.995,1.158,19.411,Southern Utah
274,Central Michigan,104.864,114.699,0.263,5–16,5,21,50.2,54.5,30.5,41,18,16,29.1,34.1,68.6,51.1,54.9,32.2,36,12,8.4,56.3,58.6,34.4,39.1,66.597,77.463,81.022,2.055,"2,026",0,0,8.401,,70.2,69.3,1.029,1.158,17.2,Central Michigan
275,Arkansas Pine Bluff,105.155,115.073,0.262,6–13,6,19,48.5,53.9,37.5,48.8,19.4,15.8,27.2,35.1,73,48,55.6,32.9,34,8.3,10.5,55.6,58.4,37.5,37.9,70.44,76.939,79.458,2.072,"2,026",0,0,21.483,,75.8,74.5,1,1.178,23.363,Arkansas Pine Bluff
276,Le Moyne,102.754,112.546,0.26,10–12,10,22,51.9,49.5,39.9,34,19,15.5,26.6,31.5,69,51.5,46.2,35,36.6,10.5,10.9,56.3,55.7,41.2,39,68.629,76.979,79.26,1.712,"2,026",0,0,0.23,,71.8,74.1,1.046,1.085,9.989,Le Moyne
277,UTEP,102.305,112.07,0.26,5–14,5,19,47.7,52.2,30.6,44.6,18,19,27.6,33.7,65.5,45.7,53.1,33.9,33.8,10.3,9,51,51.5,39,37.2,64.412,76.845,80.054,2.069,"2,026",0,0,1.017,,69.8,71.1,0.988,1.09,14.652,UTEP
278,South Dakota,107.711,118.062,0.258,9–12,9,21,50.6,56.5,44.7,31.1,17.4,16.5,31.3,31.6,72.3,50.4,58.9,34.1,34.1,6.3,9.7,44.1,46.2,34.6,31.3,70.411,76.578,79.308,1.417,"2,026",0,0,0.551,,75.2,73,1.09,1.153,12.707,South Dakota
279,Longwood,102.458,112.358,0.257,9–12,9,21,49.5,53.9,40,40.2,20.1,19.7,34.2,28.7,68.9,51.9,56.1,30,33.9,7.1,9.3,49.4,51.9,35.7,43.4,67.67,76.907,79.42,2.121,"2,026",0,0,33.809,,75.7,69.7,1.047,1.077,8.966,Longwood
280,Mercyhurst,100.018,109.72,0.256,9–12,9,21,48.9,49.5,23.5,41.8,15.5,19.1,26.5,32.1,63.6,49.4,49.4,32,33.2,11.8,6.7,56.4,55,31,34.8,63.4,75.099,77.899,1.867,"2,026",0,0,0.2,,71.1,71.1,1.013,1.046,12.229,Mercyhurst
281,UC Riverside,102.99,113.327,0.25,6–15,6,21,49.2,53.8,36.1,38.4,20.4,15.6,28.7,31.7,70.3,50.1,54.9,31.7,34.3,10,8.5,49.2,49.7,36.5,33.2,67.453,77.994,80.598,2.137,"2,026",0,0,0.2,,72.4,68.8,0.999,1.13,18.564,UC Riverside
282,North Carolina A&T,104.608,115.214,0.248,7–12,7,19,49.6,51.6,44.6,38.8,18.8,14,32.4,27.4,69.2,51.2,49.8,31,36.5,10.7,9.2,45.5,59.6,34.1,37.3,68.908,77.87,80.374,1.293,"2,026",0,0,4.283,,74.4,68.5,1.061,1.101,9.949,North Carolina A&T
283,Brown,95.732,105.495,0.247,5–13,5,18,46.9,49.5,27.6,35.2,18.5,18.3,29.5,29.6,66.2,47.6,51.2,30.4,31.3,12.9,10.3,59.5,51.8,36.4,40.1,65.968,76.789,79.861,1.451,"2,026",0,0,9.736,,70.2,77.3,0.976,1.044,8.884,Brown
284,East Carolina,99.483,109.686,0.245,6–15,6,21,44.7,52.8,38.8,34.4,17.6,17.2,32.6,31.7,69.2,45.9,51.8,28,36.2,11.4,9,47.6,55.2,30.8,40.1,68.516,76.928,81.221,2,"2,026",0,0,22.558,,69.2,72.6,0.984,1.101,17.345,East Carolina
285,Tennessee St.,106.193,117.123,0.245,11–8,11,19,49.5,52.6,31.8,43.6,16.8,19.5,33.7,31.2,71.6,50.1,52.9,32.1,34.8,10.1,7.2,46.3,53.3,30.8,35.7,70.508,77.033,79.526,2.478,"2,026",0,0,3.31,,72.6,74.7,1.073,1.086,11.075,Tennessee St.
286,Samford,106.316,117.341,0.243,9–12,9,21,50.5,53.1,42.8,33.7,12.5,13.1,26,27.3,68.3,51.1,51.5,33.2,37.3,7.4,10.8,56.5,46.5,45.9,35.7,66.325,75.842,79.084,1.764,"2,026",0,0,11.202,,67.5,76.1,1.1,1.14,12.055,Samford
287,Delaware,101.62,112.266,0.241,6–14,6,20,51.9,50,28.2,29.2,18.6,14.2,22.2,30.4,64,50.3,49,35.9,34.3,9.4,11,54.3,57.6,44.7,42.8,62.747,78.5,80.467,1.738,"2,026",0,0,15.068,,74.3,76.8,1.01,1.103,12.863,Delaware
288,Southeastern Louisiana,98.478,108.855,0.24,5–17,5,22,45.7,52.3,42,42.8,18.8,19.4,27.8,31.6,66,47.9,51.2,28.2,36,8.7,10.6,52.1,52,39.9,38.8,65.461,76.814,79.025,1.895,"2,026",0,0,0.2,,69,73.4,0.967,1.079,16.016,Southeastern Louisiana
289,Loyola Chicago,104.668,115.712,0.24,6–18,6,24,49.3,52.3,34.2,34.5,19.7,12.6,32.9,31,66.2,51.8,48.7,31,38,11.5,13,59.3,61.6,47.2,43.6,65.962,77.482,80.32,1.904,"2,026",0,0,23.815,,68,78.8,1.023,1.167,15.264,Loyola Chicago
290,Hampton,100.471,111.169,0.238,8–13,8,21,45.6,51.2,38.4,45.2,17.9,18,33.6,30.5,65.5,47.3,52.9,28.3,32.1,9.1,12,47.6,50.9,36,35.2,65.018,77.049,80.468,2.188,"2,026",0,0,10.49,,72.6,66.5,1.012,1.064,10.8,Hampton
291,IU Indy,106.64,118.073,0.237,4–18,4,22,51.7,58.5,21.3,46.4,15.9,20,28.9,37.5,75.2,54.7,58.1,31.8,39.4,7.9,8.1,61.7,54.4,43.1,37,73.775,76.433,78.855,1.645,"2,026",0,0,0.2,,71.8,75.9,1.068,1.192,14.017,IU Indy
292,Boston University,109.712,121.572,0.235,8–15,8,23,56,55.5,32.6,32.8,17.5,13.5,27.3,27.7,64,55.6,53.7,37.7,38.7,10.1,9.6,54.8,49.4,43.7,39.7,63.116,77.381,80.669,1.156,"2,026",0,0,8.891,,71.1,72.5,1.12,1.162,8.266,Boston University
293,Sacred Heart,106.641,118.264,0.233,9–14,9,23,52.2,54.5,30.3,29.5,18.4,15.5,29.2,30.7,68.7,49.9,56.1,36.3,35.1,7.3,8.7,59.1,61.2,50,44.6,68.474,76.982,79.964,1.892,"2,026",0,0,3.482,,77.8,70,1.078,1.134,10.062,Sacred Heart
294,East Texas A&M,99.096,110.046,0.231,6–15,6,21,48.5,53.6,32.6,36.9,20,17.6,26.1,33.2,70.3,49.8,51.9,31.2,37.6,8.7,10.9,62.1,56.9,45.6,37.8,69.21,77.009,79.398,2.471,"2,026",0,0,11.269,,68.5,68.9,0.965,1.113,18.982,East Texas A&M
295,New Hampshire,100.001,111.172,0.228,6–13,6,19,46.9,51.5,28,39.4,16.8,16.2,25.6,29.3,67.7,47,52.3,31.2,33.3,6,12,44.3,47.8,40.7,35.1,67.237,76.157,79.301,1.376,"2,026",0,0,5.739,,68.5,75.5,0.972,1.095,18.633,New Hampshire
296,Jacksonville,100.915,112.246,0.227,7–14,7,21,49.4,55.2,30.5,42.2,18.8,16,30.1,28.9,65.3,51.4,54.8,31,37.2,8.6,8.3,45.6,53.6,40.5,36.6,63.023,76.886,80.278,1.325,"2,026",0,0,21.169,,70,70.5,1.013,1.135,15.815,Jacksonville
297,Northwestern St.,104.735,116.671,0.224,4–16,4,20,49.9,55.6,41.2,40.8,18.8,17,26,34.4,66.3,49.4,56,33.8,36.6,5.4,10.8,50.1,53.6,35.5,38.4,65.243,76.018,78.551,2.107,"2,026",0,0,0.2,,74.4,70.9,1.027,1.158,18.826,Northwestern St.
298,Louisiana,99.377,111.117,0.217,7–16,7,23,47.7,51.1,26.7,46.1,18.3,17.6,27,31.9,63.3,46.2,49.1,33,36.2,10.7,7.9,49.4,52.2,44.1,37.6,62.342,77.208,79.694,1.434,"2,026",0,0,27.529,,68.7,72.7,0.97,1.088,11.142,Louisiana
299,Mount St. Mary's,98.16,109.823,0.216,9–14,9,23,50.2,48.3,34.6,37.3,22.9,15,30.5,29.6,68.4,51.1,46.5,32.7,33.6,9.3,8.6,55.5,51.9,43.8,44.5,67.736,76.986,80.409,2.284,"2,026",0,0,1.849,,68.1,74.7,0.978,1.067,12.308,Mount St. Mary's
300,Lehigh,100.404,112.388,0.215,8–13,8,21,51.6,50.9,31.7,34.8,18.2,17.7,22.1,34.3,67,50.6,50.6,35.4,34.4,7.3,9.2,51.1,46.7,39.5,30.1,67,76.47,79.786,1.363,"2,026",0,0,0.99,,73.5,73.3,1.018,1.083,11.735,Lehigh
301,USC Upstate,98.622,110.469,0.213,7–13,7,20,48.1,50.2,34.3,37.5,17.8,16,28.1,31.5,69.4,47.9,49.6,32.4,34.2,11.9,9.9,44.3,44.7,35.2,34.7,67.66,76.722,80.093,1.952,"2,026",0,0,6.848,,67,70.9,1.005,1.073,15.057,USC Upstate
302,Evansville,99.208,111.138,0.213,3–18,3,21,48.2,54.4,33,33.7,19.8,16.3,23.7,29.7,68,50.1,54.6,30.3,36.1,10.5,6.7,54.3,56.4,41.6,42,67.215,78.828,81.715,1.713,"2,026",0,0,23.86,,71.9,71.7,0.956,1.125,18.601,Evansville
303,Northern Illinois,99.258,111.213,0.213,5–14,5,19,48.4,54.4,38.9,41.3,22.5,17.3,34.3,31.7,69.3,49.4,57.4,31.6,33,4.9,14.8,50.7,51.4,45.9,38.6,67.172,76.516,79.148,0.835,"2,026",0,0,1.565,,66.1,72.6,0.989,1.123,16.394,Northern Illinois
304,Northern Arizona,105.648,118.442,0.212,5–15,5,20,51.5,56.1,31.2,30.9,16.6,17,24.3,33.5,66.5,49.8,54.2,36.5,39,7.3,9,50.9,52.9,34.5,41.8,63.898,76.777,79.808,1.495,"2,026",0,0,0.2,,68.9,74.2,1.033,1.175,14.84,Northern Arizona
305,Morehead St.,105.868,118.867,0.209,9–11,9,20,48.2,51.9,36.9,37.3,18.7,15.9,36.4,36,67.7,48.5,50.3,31.6,36.2,8.7,9.2,48.4,58.6,30.8,40.2,65.368,76.69,79.726,1.813,"2,026",0,0,0.2,,73,69,1.047,1.139,13.505,Morehead St.
306,Ball St.,99.814,112.138,0.208,5–15,5,20,46,55.3,33.2,29.2,16.3,19.3,26.6,32.3,65.4,47,55,29.8,37.1,8.7,11.3,52.5,54.8,40.2,42.5,63.458,76.338,79.179,1.986,"2,026",0,0,8.175,,71.1,77.5,0.985,1.118,13.156,Ball St.
307,Central Connecticut,105.604,118.783,0.205,9–10,9,19,50.7,51.2,30.4,26.4,15.9,14.5,27.1,31.7,65.5,49,50.4,35.8,34.9,11.7,7.7,51.7,55.8,34.9,40.5,64.408,77.415,79.821,1.726,"2,026",0,0,0.2,,75.5,74.4,1.062,1.108,9.012,Central Connecticut
308,Albany,102.708,115.571,0.205,4–16,4,20,49.7,53.3,25.6,35.6,18.7,15.6,32,33.6,66.5,51.9,53.6,30.6,35.3,10.4,10.3,49.7,56.5,38.3,40.9,65.568,76.918,81.345,1.995,"2,026",0,0,1.619,,64.9,75.2,1.017,1.146,11.878,Albany
309,Florida A&M,98.676,111.117,0.203,6–12,6,18,48.9,52.4,36.5,40.7,22.2,19.3,28.3,32.9,70.2,49.1,52.3,32.3,35.1,8.3,10.4,51.8,51.5,39.3,36.5,67.262,77.581,80.266,2.409,"2,026",0,0,22.246,,66.8,77.9,0.96,1.096,15.528,Florida A&M
310,Alabama A&M,101.39,114.252,0.202,9–10,9,19,47.5,52.6,43,38.6,17.1,17.1,27.3,28.8,68.1,47.1,52.3,32.1,35.5,8.4,8.9,44.4,56.1,34.6,38.2,65.524,77.315,80.123,2.465,"2,026",0,0,13.13,,74.6,70.1,1.023,1.088,11.661,Alabama A&M
311,Chattanooga,102.262,115.383,0.2,6–14,6,20,51.7,52,32.9,42.5,14.4,14.3,21,31.9,67.2,52.5,52.5,33.9,34.3,7.2,8,57.3,56.1,50.4,41.7,65.942,75.712,79.384,1.993,"2,026",0,0,0.2,,76.7,71.5,1.06,1.148,10.955,Chattanooga
312,Alabama St.,101.66,115.1,0.193,6–15,6,21,47.9,54.1,35.3,41,19.1,19.7,31.7,34.8,72.1,46.7,54.6,33.1,35.5,10.7,10.4,46.9,55.9,38,41.1,69.408,77.1,80.094,2.141,"2,026",0,0,4.413,,70.9,75,1.001,1.125,16.718,Alabama St.
313,Cal St. Bakersfield,101.923,115.42,0.193,6–15,6,21,45.7,53.3,42.4,44,19.4,18.7,32.2,36.4,71.5,45.4,53.9,30.9,34.9,14.2,9,43.9,53.2,29,39.1,69.559,77.556,80.154,2.438,"2,026",0,0,0.2,,74,73.2,0.994,1.136,14.974,Cal St. Bakersfield
314,Lafayette,101.883,115.412,0.193,6–16,6,22,49.1,53.6,32.3,33.7,15.7,15.5,26.6,30.4,67.3,47.6,52.7,34.2,36.6,6.6,11.8,54.7,58.8,40,38.1,66.904,75.851,80.471,1.232,"2,026",0,0,2.667,,68.6,72.6,1.028,1.128,11.354,Lafayette
315,Houston Christian,105.636,119.8,0.19,6–15,6,21,51.1,56.2,37.2,30.6,19,17.3,30.9,32.9,64.4,50.6,56.8,34.7,36.9,10.6,9.9,60.2,55.9,37.5,40.3,63.486,76.507,78.427,2.685,"2,026",0,0,7.615,,68.7,72.1,1.048,1.157,13.798,Houston Christian
316,UMass Lowell,101.662,115.45,0.188,6–14,6,20,49.9,53.8,35.6,29.8,19.8,14.8,31.3,29.7,69.8,50.3,54.1,32.6,35.5,8.5,10.3,45.5,47.9,31.4,35.3,69.515,76.249,78.951,1.767,"2,026",0,0,5.68,,65.6,75,1.008,1.136,15.49,UMass Lowell
317,Bellarmine,111.073,126.316,0.186,7–13,7,20,57.6,59.5,37.4,33.1,16.1,15.1,21.7,35,66.7,60.6,59.7,35.5,39.5,4.7,8.9,52.8,59.4,40.8,51.6,64.59,77.685,79.703,1.794,"2,026",0,0,0.2,,77.4,72.3,1.149,1.247,13.924,Bellarmine
318,UNC Greensboro,106.238,120.982,0.183,6–15,6,21,50.1,56.3,43.2,30.7,15.5,13,28.4,29.9,68.6,49.7,55.9,33.8,37.8,5.2,9.4,46.1,51.1,39.9,46.8,67.133,75.79,79.186,1.623,"2,026",0,0,7.155,,68,70.5,1.068,1.196,11.509,UNC Greensboro
319,Texas Southern,102.884,117.19,0.183,4–14,4,18,49.7,55.3,40,46,18.8,15.8,27.6,31.5,71.7,49.3,57.6,33.5,34.7,9.1,8.4,41.9,56.2,33.4,42.9,69.063,76.825,79.786,2.578,"2,026",0,0,1.479,,70.8,72.4,1.016,1.166,22.127,Texas Southern
320,NJIT,99.102,113.154,0.179,10–12,10,22,46.4,50.4,33.8,38.4,17.8,15.3,26.3,32.6,69,45.3,51.3,32,32.8,8.9,8.9,46.3,53.4,41.8,41,68.549,76.578,80.298,1.006,"2,026",0,0,0.2,,72.7,70.4,0.971,1.104,13.936,NJIT
321,Stetson,101.626,116.055,0.178,6–15,6,21,50.1,55.5,33.4,30.5,18.7,15.8,26.3,31.7,69,51.1,59.2,32.6,33.6,5.5,6.3,57,54.9,44,41.5,66.977,76.693,80.855,1.745,"2,026",0,0,1.935,,68.9,72.1,1.003,1.16,14.624,Stetson
322,West Georgia,102.167,117.038,0.173,8–12,8,20,48.9,55.2,29.5,37,16.7,15,31.2,30.2,70,47.4,56.6,34.5,35.3,12.2,6,45.5,53.6,33.3,37.7,68.342,77.214,79.762,2.101,"2,026",0,0,0.2,,71.4,72.6,1.042,1.157,14.859,West Georgia
323,Bucknell,99.587,114.167,0.172,7–16,7,23,48.5,56.1,31.8,36.7,19.2,17.9,27.2,30.7,67,49,55,31.9,38.3,6.6,11.6,56.1,60,43.2,44.4,66.481,76.433,80.989,1.418,"2,026",0,0,0.2,,76.8,73.7,1.001,1.14,13.471,Bucknell
324,Wagner,104.581,120.472,0.164,4–13,4,17,50.7,51.5,31.4,43.7,18.4,14.7,32.4,31.3,65,47.1,49.5,38,36.5,6.4,9.7,50.9,57.6,36.2,37.7,65.01,76.442,78.448,1.975,"2,026",0,0,0.2,,70.1,72.8,1.057,1.136,11.306,Wagner
325,North Florida,111.26,128.371,0.162,3–18,3,21,54.2,58.4,25.4,32.2,18.3,12.7,24.7,38.7,72.8,54.1,61.2,36.2,36,3.7,12.4,53.8,53.9,53.1,39.5,70.494,77.147,79.433,1.675,"2,026",0,0,0.2,,80.1,69.9,1.076,1.28,20.333,North Florida
326,Prairie View A&M,100.645,116.173,0.161,5–13,5,18,47,53.9,43.2,47.6,16.4,19.8,25.3,36.8,74.8,46.1,52.9,32.7,37.2,11.3,8.9,44.2,50.5,31.3,35.6,72.26,76.225,79.334,2.831,"2,026",0,0,0.252,,76.1,72.7,1.012,1.134,16.009,Prairie View A&M
327,Eastern Illinois,95.131,109.896,0.16,6–14,6,20,44.8,51,33.7,36.1,19.4,19.5,27,36.2,66.5,43.8,55,31.4,30.3,8.5,13.7,50.2,58.7,31.4,42,65.292,76.194,79.258,2.161,"2,026",0,0,0.2,,75.1,74.3,0.938,1.085,17.128,Eastern Illinois
328,Little Rock,100.758,116.605,0.157,7–14,7,21,50,55,28,31.4,20.2,20.3,31.2,36.7,67.6,48.6,55.4,35.5,36.3,12,5.1,53.5,55.9,31.3,43.3,65.708,78.522,80.562,2.365,"2,026",0,0,25.271,,68.8,69.6,1.008,1.118,10.536,Little Rock
329,Oral Roberts,99.314,115.407,0.151,2–19,2,21,48.1,55.1,35.5,39.9,18.8,15.1,26.8,34.2,69.1,49.5,53.3,30.9,39,9.3,10.3,46.3,45.5,45.5,35.2,67.085,76.711,79.336,1.505,"2,026",0,0,16.117,,73.3,71,0.996,1.176,15.117,Oral Roberts
330,Holy Cross,100.293,116.645,0.15,6–16,6,22,49.8,55,29.5,28.2,16.1,14.8,21.5,28.5,65.6,50.3,58,32.8,33.7,4.2,9.2,43.5,52.6,38.7,40.1,64.624,76.67,78.791,1.468,"2,026",0,0,11.323,,74,73,1.01,1.14,11.598,Holy Cross
331,Army,103.433,120.552,0.147,8–13,8,21,50.2,55.3,27.8,36.6,16.8,14.6,29.3,27.5,67.3,50.1,55.7,33.6,36.5,4,12.1,58.2,54.6,52.3,43.1,66.494,76.005,78.393,1.335,"2,026",0,0,0.2,,70.5,75.3,1.048,1.166,9.543,Army
332,Fairleigh Dickinson,101.046,117.934,0.145,4–16,4,20,46.7,56,32,37.3,17.6,16.6,30.6,28.9,65.6,47.6,54.5,30.5,38.7,5,10.8,51.7,53.6,47.2,41.2,65.012,77.319,80.813,2.263,"2,026",0,0,0.654,,69.3,71.3,0.999,1.145,15.525,Fairleigh Dickinson
333,Manhattan,104.259,121.773,0.144,8–15,8,23,48,54.9,33.5,25.1,15.4,16.7,27.9,38.2,68.7,47.5,53.7,32.5,37.9,6.4,11.1,49.3,61.9,37,37.6,68.011,75.419,79.32,1.866,"2,026",0,0,6.701,,79.8,72.4,1.048,1.174,11.975,Manhattan
334,Stonehill,91.435,106.915,0.142,7–14,7,21,46.8,48.5,25.4,30.9,21,12.7,28.9,25,66.8,46.1,47.2,32,34.1,10.4,13.2,52.6,44.6,38.9,33.2,66.128,77.649,80.244,2.211,"2,026",0,0,0.2,,68.4,65.7,0.932,1.031,11.817,Stonehill
335,Loyola MD,103.226,120.73,0.142,6–15,6,21,50.3,55.2,32.2,31.8,17.3,16,28.9,30.2,68.8,51.5,58.2,32.6,33.5,9.6,8.3,50.6,56.3,47.2,38.2,68.046,77.193,79.604,1.374,"2,026",0,0,0.2,,70.5,72.8,1.048,1.134,8.942,Loyola MD
336,Norfolk St.,98.632,115.787,0.137,6–14,6,20,47.6,51.5,43.7,44.2,19.1,18.5,31.1,33.2,69.2,46.1,55.5,34,30.8,8.8,11.2,47.2,61,30.4,42.8,67.728,76.616,79.364,2.421,"2,026",0,0,0.208,,65.8,70,0.996,1.081,12.805,Norfolk St.
337,New Haven,96.323,113.259,0.134,7–12,7,19,48.3,52.7,29.3,27.7,19.4,17,23,28.4,63.4,50.5,51.9,29.8,36,5.9,7.9,51.1,51.8,39,39.2,62.819,77.318,80.624,1.617,"2,026",0,0,0.2,,68.8,74.9,0.942,1.085,15.853,New Haven
338,Southern Indiana,92.784,109.162,0.134,3–17,3,20,43.5,48.1,35,36.5,17.8,16.7,29.6,31.6,69.8,42.8,48.4,29.7,31.7,10.2,14.4,43.3,40,42.6,26.8,68.302,76.359,79.653,2.435,"2,026",0,0,3.192,,66.2,71.2,0.944,1.04,7.451,Southern Indiana
339,Tennessee Tech,100.884,118.706,0.133,6–14,6,20,49,52.8,34.4,32.5,19.8,15.6,30.9,32.9,69.6,49.7,51.5,31.8,36.7,7.6,12,46.1,53.3,36,37.1,67.539,76.591,78.861,2.29,"2,026",0,0,3.64,,73.9,72.7,1.015,1.133,10.62,Tennessee Tech
340,Air Force,94.268,111.62,0.125,3–19,3,22,48.8,55,35.9,35.5,22.3,16.2,22.4,32.4,66.9,51.4,54.8,30.1,36.8,7.8,11,54.9,53.9,42.1,38.6,65.194,78.114,80.829,0.75,"2,026",0,0,0.2,,65.2,71.1,0.913,1.157,19.254,Air Force
341,Niagara,98.791,117.079,0.124,5–17,5,22,49.6,53.5,25.1,35.1,18.4,16.6,24.4,32.2,63.4,49,53.8,33.6,35.3,9.5,10.1,58.4,51.6,40.3,41,62.029,76.093,79.526,2.038,"2,026",0,0,0.2,,70.2,78.1,0.984,1.138,11.046,Niagara
342,Jackson St.,99.487,118.295,0.12,6–16,6,22,45.8,54.5,33,40.7,19.7,15.5,25,38.7,71.6,44.5,56.6,31.6,34.5,8.3,13.1,47.9,64,44,42.4,69.821,76.53,80.077,1.802,"2,026",0,0,25.263,,76.5,71.9,0.944,1.208,24.691,Jackson St.
343,North Alabama,100.185,119.199,0.119,5–13,5,18,47.9,54.1,37.8,31.6,16.5,14.6,30.2,34,66.1,48.7,54.9,31,35.4,12.6,9.7,41.2,59.3,35.1,44.2,65.494,77.592,79.958,1.961,"2,026",0,0,6.147,,68.7,75.4,1.029,1.177,12.754,North Alabama
344,Maryland Eastern Shore,95.635,113.789,0.119,6–15,6,21,47.5,50.7,28.2,40.1,23.1,17.4,29.8,33.2,64.7,49.7,51.8,28.9,32.8,6.9,8.4,57.3,56.2,34,41.1,63.046,77.612,80.345,2.443,"2,026",0,0,0.2,,70.6,73.8,0.933,1.093,20.225,Maryland Eastern Shore
345,North Carolina Central,99.874,118.938,0.118,4–12,4,16,45.6,56.6,41.3,39.8,18.5,18.7,28.2,38.2,67.7,44.7,57.3,31.5,37.2,9.4,13.7,60.2,59.6,34.3,44.3,66.314,76.169,79.295,2.562,"2,026",0,0,0.2,,74.4,70.7,0.978,1.196,22.874,North Carolina Central
346,Canisius,96.678,115.162,0.118,7–16,7,23,46.5,53.8,31.5,32.8,19.6,16.4,29.9,30.4,63.9,43.9,56.9,33.5,33.3,7.3,10.7,55.2,59.1,39.8,45.5,63.504,77.251,80.701,1.813,"2,026",0,0,3.362,,69.9,73.5,0.967,1.126,9.015,Canisius
347,The Citadel,99.043,118.47,0.113,5–15,5,20,49.2,55.7,31.4,35.2,17.4,13.9,28.7,30.8,64.5,49.8,58.6,32.3,34.7,7,11.8,52.4,51.9,47.5,43.6,63.619,76.73,78.844,1.981,"2,026",0,0,0.2,,67.8,69.3,1.022,1.182,9.69,The Citadel
348,Alcorn St.,98.035,117.489,0.111,4–17,4,21,47.8,57.7,26.1,40,21.1,17.9,28.3,37,70.3,45.5,60.8,34.7,35,9.3,9.8,47.8,55.1,34.9,37.6,68.538,76.308,79.012,1.953,"2,026",0,0,2.545,,68.3,73.6,0.942,1.202,20.018,Alcorn St.
349,Rider,98.975,119.31,0.104,2–18,2,20,43.5,54.2,32,32.3,18.3,13.1,33.7,33.4,65.9,43.6,53.4,28.8,36.9,9.4,8.1,45.9,52.5,27.5,40,65.145,77.657,80.53,1.779,"2,026",0,0,12.817,,71.6,68.3,0.966,1.18,18.146,Rider
350,UTSA,96.612,117.345,0.097,2–17,2,19,43,53.5,30.2,34.9,18.5,15.3,29.9,37.8,69.8,44.7,52.2,27.1,36.7,12.7,14.5,43.6,57,43.3,43.5,68.405,77.771,79.621,1.488,"2,026",0,0,28.817,,70.1,70.7,0.93,1.176,17.295,UTSA
351,UMKC,95.781,116.429,0.096,1–19,1,20,46.1,56.1,30.2,31.3,19,16.7,28.6,36.7,71.4,48,57.2,28.5,36.2,7.3,9.6,46,51.9,35.6,37.7,68.863,76.919,80.153,2.271,"2,026",0,0,0.963,,68.6,69.3,0.95,1.181,16.242,UMKC
352,Saint Francis,98.289,119.497,0.096,4–15,4,19,47.7,59.1,26.8,37.1,18,18.8,25.8,33.5,70.3,45.6,58.9,34.1,39.7,5.4,11.4,54.5,59.7,38.9,42.2,69.266,76.812,78.854,2.289,"2,026",0,0,0.2,,70.8,71.1,0.962,1.19,16.001,Saint Francis
353,Chicago St.,98.073,120.047,0.089,2–19,2,21,44.1,57.4,30.4,37.8,16.9,19.4,28.8,36.9,67.2,42.1,62.5,32.6,35.2,4.5,8.9,46.4,73.2,29.3,52.6,66.622,75.677,78.551,2.454,"2,026",0,0,2.483,,75,74.4,0.957,1.186,21.882,Chicago St.
354,Maine,91.848,112.457,0.089,4–18,4,22,48.5,50.2,35.5,33.6,19.9,19.3,21.8,36.3,64.7,50.6,53.2,29.9,30,10.3,9.3,51.3,52.5,35.3,35.7,64.198,77.15,80.477,1.831,"2,026",0,0,5.076,,65.1,69.8,0.929,1.067,9.591,Maine
355,Louisiana Monroe,98.119,120.156,0.089,1–20,1,21,47.9,56.4,35.5,25.4,18.1,16.2,23.5,35.1,71.1,45.8,58.3,33.8,36,8.5,12.7,51.8,59.4,42.3,42.7,70.682,76.599,79.049,1.298,"2,026",0,0,0.2,,71.5,69.9,0.977,1.176,12.6,Louisiana Monroe
356,Bryant,96.117,117.882,0.087,5–15,5,20,44.9,51.2,29.1,31.9,20.3,14.6,28,32.8,64.9,47.8,49.9,28,35.6,11.8,8.9,54.3,55.4,48.6,36.4,64.084,79.164,81.41,1.128,"2,026",0,0,17.506,,75.5,71.5,0.939,1.11,13.858,Bryant
357,VMI,99.796,122.724,0.085,3–17,3,20,47.1,55.9,32,36.9,16.4,16.8,27.2,40,67.6,47.5,56.6,31.2,36.6,6.6,11.6,48.6,61.5,53.9,44.1,66.483,76.619,78.525,1.306,"2,026",0,0,0.2,,71.2,71.2,1.004,1.219,11.468,VMI
358,Morgan St.,98.481,121.979,0.079,6–13,6,19,45.4,54.6,42.6,56.2,18.9,16.9,30.1,34.4,70.5,45.4,57.4,30.4,33,8.9,9.4,51.1,60.1,34.1,35.4,70.036,76.38,80.031,2.555,"2,026",0,0,0.2,,73.1,70,0.985,1.157,10.683,Morgan St.
359,South Carolina St.,96.707,120.441,0.074,3–16,3,19,46.2,55,39,52.9,20.7,16.9,30.9,39.4,70.7,43.2,59.6,34.8,32.4,9.9,10.1,50.5,61,32.8,41.7,68.404,78.044,81.248,1.614,"2,026",0,0,0.2,,63.1,72.7,0.938,1.203,16.878,South Carolina St.
360,Delaware St.,88.668,111.196,0.069,3–14,3,17,42.4,54.3,32.6,38.7,19.2,20.4,25.4,29.9,67.3,41.3,55.6,30.2,34.7,5.2,10.9,47.2,57.7,29.1,37.7,66.864,76.126,80.186,1.986,"2,026",0,0,0.2,,67.9,70.2,0.878,1.061,11.761,Delaware St.
361,Binghamton,95.953,122.608,0.056,2–18,2,20,47.8,54.9,43.5,33,19.8,13.5,22.7,29.4,65.1,49.3,54.7,29.6,36.8,8.9,10.2,49.1,48.3,30.8,37.6,65.352,76.42,79.633,2.308,"2,026",0,0,3.995,,75.6,70.5,0.974,1.159,8.054,Binghamton
362,Western Illinois,93.056,119.469,0.053,1–19,1,20,43.3,53.8,38.7,37.7,17.7,15.7,29,34.1,67.2,43.1,53.5,29.1,36.2,5.4,11.6,34.2,50,31.6,36.1,65.857,77.071,78.912,2.171,"2,026",0,0,0.2,,67.2,71.6,0.931,1.149,9.681,Western Illinois
363,Gardner Webb,94.157,123.888,0.041,1–19,1,20,45.8,57.8,30.9,35,20.9,14.2,24,36.7,71.2,45.9,59.9,30.5,36.6,6.4,10.5,41.9,57.1,40.9,41.1,70.096,76.093,79.226,1.394,"2,026",0,0,6.128,,70.7,72,0.908,1.251,18.645,Gardner Webb
364,Coppin St.,93.635,126.375,0.031,2–21,2,23,45.2,58.2,37.4,45.2,22.6,16.9,29.8,36.2,69.8,44.2,56.6,31.4,40.1,8.7,12,52.7,64.3,35.6,44.7,68.944,77.705,80.513,2.07,"2,026",0,0,4.114,,68,74.2,0.917,1.229,13.447,Coppin St.
365,Mississippi Valley St.,88.113,119.373,0.03,0–21,0,21,44.1,57.3,31.6,47.5,22.9,16.9,25.8,35.8,70.4,44.8,57.2,28.3,38.3,9,8.6,52.6,64.2,30.3,44.9,66.946,76.968,80.637,2.22,"2,026",0,0,0.2,,72.9,75.4,0.869,1.218,16.588,Mississippi Valley St.