id,week,date,start_time,away_team,home_team,v1_away,v1_home,v2_away,v2_home,v5_away,v5_home,v6_away,v6_home,v6_pre_away,v6_pre_home,v8_winner,v8_confidence,v8_pre_away,,sl_away_pred,sl_home_pred,away_result,home_result,moneyline_favorite_team,total_line,runline_favorite_team,runline_value,underdog_runline_odds,favorite_runline_odds,over_total_line_odds,under_total_line_odds,underdog_moneyline_odds,favorite_moneyline_odds
10000,1,20250904,18:20,DAL,PHI,,,,,,,,,,,,,,,22,33,20,24,PHI,36.5,PHI,-8.5,-112,-108,-110,-110,350,-450
10001,1,20250905,18:00,KAN,LAC,,,,,,,,,,,,,,,22,20,21,27,KAN,47.5,KAN,-3.5,-112,-108,-110,-110,140,-165
10002,1,20250907,11:00,TAM,ATL,,,,,,,,,,,,,,,30,22,23,20,ATL,47.5,ATL,-1.5,-112,-108,-110,-110,-105,-115
10003,1,20250907,11:00,CIN,CLE,,,,,,,,,,,,,,,29,21,17,16,CIN,47.5,CIN,-5.5,-112,-108,-110,-110,195,-235
10004,1,20250907,11:00,MIA,IND,,,,,,,,,,,,,,,27,26,8,33,IND,47.5,IND,-1.5,-112,-108,-110,-110,100,-120
10005,1,20250907,11:00,LVR,NWE,,,,,,,,,,,,,,,21,25,20,13,NWE,44.5,NWE,-2.5,-112,-108,-110,-110,125,-150
10006,1,20250907,11:00,ARI,NOR,,,,,,,,,,,,,,,23,20,20,13,ARI,44.5,ARI,-5.5,-112,-108,-110,-110,240,-300
10007,1,20250907,11:00,PIT,NYJ,,,,,,,,,,,,,,,24,17,34,32,PIT,38.5,PIT,-2.5,-112,-108,-110,-110,135,-160
10008,1,20250907,11:00,NYG,WAS,,,,,,,,,,,,,,,21,32,6,21,WAS,45.5,WAS,-5.5,-112,-108,-110,-110,225,-275
10009,1,20250907,11:00,CAR,JAX,,,,,,,,,,,,,,,22,28,10,26,JAX,44.5,JAX,-4.5,-112,-108,-110,-110,185,-225
10010,1,20250907,14:05,TEN,DEN,,,,,,,,,,,,,,,18,29,12,20,DEN,43.5,DEN,-9.5,-112,-108,-110,-110,360,-475
10011,1,20250907,14:05,SFO,SEA,,,,,,,,,,,,,,,21,24,17,13,SFO,44.5,SFO,-1.5,-112,-108,-110,-110,105,-125
10012,1,20250907,14:25,DET,GNB,,,,,,,,,,,,,,,22,27,13,27,GNB,48.5,GNB,-1.5,-112,-108,-110,-110,100,-120
10013,1,20250907,14:25,HOU,LAR,,,,,,,,,,,,,,,20,24,9,14,LAR,43.5,LAR,-3.5,-112,-108,-110,-110,140,-165
10014,1,20250907,18:20,BAL,BUF,,,,,,,,,,,,,,,25,27,40,41,BAL,51.5,BAL,-1.5,-112,-108,-110,-110,105,-125
10015,1,20250908,18:15,MIN,CHI,,,,,,,,,,,,,,,24,20,27,24,CHI,43.5,CHI,-1.5,-112,-108,-110,-110,-105,-115
10016,2,20250911,18:15,WAS,GNB,,,,,,,,,,,,,,,21,31,18,27,GNB,47.5,GNB,-3.5,-112,-108,-110,-110,150,-180
10017,2,20250914,11:00,JAX,CIN,,,,,,,,,,,,,,,23,31,27,31,CIN,50.5,CIN,-3.5,-112,-108,-110,-110,155,-190
10018,2,20250914,11:00,NYG,DAL,,,,,,,,,,,,,,,21,30,37,40,DAL,44.5,DAL,-4.5,-112,-108,-110,-110,200,-250
10019,2,20250914,11:00,CHI,DET,,,,,,,,,,,,,,,20,30,21,52,DET,45.5,DET,-6.5,-112,-108,-110,-110,240,-300
10020,2,20250914,11:00,LAR,TEN,,,,,,,,,,,,,,,24,18,33,19,LAR,40.5,LAR,-5.5,-112,-108,-110,-110,200,-250
10021,2,20250914,11:00,NWE,MIA,,,,,,,,,,,,,,,21,26,33,27,MIA,42.5,MIA,-2.5,-112,-108,-110,-110,110,-130
10022,2,20250914,11:00,SFO,NOR,,,,,,,,,,,,,,,22,20,26,21,SFO,40.5,SFO,-2.5,-112,-108,-110,-110,135,-160
10023,2,20250914,11:00,BUF,NYJ,,,,,,,,,,,,,,,31,18,30,10,BUF,46.5,BUF,-5.5,-112,-108,-110,-110,230,-285
10024,2,20250914,11:00,SEA,PIT,,,,,,,,,,,,,,,18,23,31,17,PIT,40.5,PIT,-3.5,-112,-108,-110,-110,170,-210
10025,2,20250914,11:00,CLE,BAL,,,,,,,,,,,,,,,16,32,17,41,BAL,46.5,BAL,-12.5,-112,-108,-110,-110,650,-1000
10026,2,20250914,14:05,DEN,IND,,,,,,,,,,,,,,,24,24,28,29,DEN,43.5,DEN,-1.5,-112,-108,-110,-110,105,-125
10027,2,20250914,14:05,CAR,ARI,,,,,,,,,,,,,,,20,30,22,27,ARI,45.5,ARI,-6.5,-112,-108,-110,-110,275,-350
10028,2,20250914,14:25,PHI,KAN,,,,,,,,,,,,,,,24,22,20,17,PHI,46.5,PHI,-1.5,-112,-108,-110,-110,105,-125
10029,2,20250914,18:20,ATL,MIN,,,,,,,,,,,,,,,19,29,22,6,MIN,44.5,MIN,-3.5,-112,-108,-110,-110,145,-175
10030,2,20250915,17:00,TAM,HOU,,,,,,,,,,,,,,,24,22,20,19,HOU,42.5,HOU,-2.5,-112,-108,-110,-110,125,-150
10031,2,20250915,20:00,LAC,LVR,,,,,,,,,,,,,,,24,20,20,9,LAC,46.5,LAC,-3.5,-112,-108,-110,-110,155,-190
10032,3,20250918,18:15,MIA,BUF,,,,,,,,,,,,,,,20,36,21,31,BUF,50.5,BUF,-11.5,-112,-108,-110,-110,600,-900
10033,3,20250921,11:00,GNB,CLE,,,,,,,,,,,,,,,27,13,10,13,GNB,40.5,GNB,-7.5,-112,-108,-110,-110,350,-450
10034,3,20250921,11:00,IND,TEN,,,,,,,,,,,,,,,29,23,41,20,IND,42.5,IND,-5.5,-112,-108,-110,-110,225,-275
10035,3,20250921,11:00,CIN,MIN,,,,,,,,,,,,,,,20,26,10,48,MIN,42.5,MIN,-3.5,-112,-108,-110,-110,140,-165
10036,3,20250921,11:00,PIT,NWE,,,,,,,,,,,,,,,25,19,21,14,PIT,44.5,PIT,-1.5,-112,-108,-110,-110,-102,-118
10037,3,20250921,11:00,LAR,PHI,,,,,,,,,,,,,,,19,29,26,33,PHI,45.5,PHI,-3.5,-112,-108,-110,-110,165,-200
10038,3,20250921,11:00,NYJ,TAM,,,,,,,,,,,,,,,19,29,27,29,TAM,42.5,TAM,-6.5,-112,-108,-110,-110,260,-325
10039,3,20250921,11:00,LVR,WAS,,,,,,,,,,,,,,,22,32,24,41,WAS,44.5,WAS,-2.5,-112,-108,-110,-110,130,-155
10040,3,20250921,11:00,ATL,CAR,,,,,,,,,,,,,,,26,21,0,30,ATL,43.5,ATL,-4.5,-112,-108,-110,-110,200,-250
10041,3,20250921,11:00,HOU,JAX,,,,,,,,,,,,,,,21,22,10,17,JAX,42.5,JAX,-1.5,-112,-108,-110,-110,100,-120
10042,3,20250921,14:05,DEN,LAC,,,,,,,,,,,,,,,21,22,20,23,LAC,45.5,LAC,-2.5,-112,-108,-110,-110,130,-155
10043,3,20250921,14:05,NOR,SEA,,,,,,,,,,,,,,,16,21,13,44,SEA,41.5,SEA,-6.5,-112,-108,-110,-110,310,-400
10044,3,20250921,14:25,DAL,CHI,,,,,,,,,,,,,,,27,25,14,31,DAL,50.5,DAL,-1.5,-112,-108,-110,-110,105,-125
10045,3,20250921,14:25,ARI,SFO,,,,,,,,,,,,,,,23,27,15,16,SFO,43.5,SFO,-1.5,-112,-108,-110,-110,105,-125
10046,3,20250921,18:20,KAN,NYG,,,,,,,,,,,,,,,26,17,22,9,KAN,44.5,KAN,-5.5,-112,-108,-110,-110,240,-300
10047,3,20250922,18:15,DET,BAL,,,,,,,,,,,,,,,25,29,38,30,BAL,53.5,BAL,-4.5,-112,-108,-110,-110,200,-250
10048,4,20250925,18:15,SEA,ARI,,,,,,,,,,,,,,,23,22,23,20,SEA,43.5,SEA,-1.5,-112,-108,-110,-110,105,-125
10049,4,20250928,7:30,MIN,PIT,,,,,,,,,,,,,,,22,21,21,24,MIN,41.5,MIN,-2.5,-112,-108,-110,-110,125,-150
10050,4,20250928,11:00,WAS,ATL,,,,,,,,,,,,,,,29,20,27,34,ATL,44.5,ATL,-2.5,-112,-108,-110,-110,120,-145
10051,4,20250928,11:00,NOR,BUF,,,,,,,,,,,,,,,17,34,19,31,BUF,48.5,BUF,-14.5,-112,-108,-110,-110,850,-1400
10052,4,20250928,11:00,CLE,DET,,,,,,,,,,,,,,,18,33,10,34,DET,44.5,DET,-10.5,-112,-108,-110,-110,450,-650
10053,4,20250928,11:00,CAR,NWE,,,,,,,,,,,,,,,21,24,13,42,NWE,42.5,NWE,-2.5,-112,-108,-110,-110,200,-250
10054,4,20250928,11:00,LAC,NYG,,,,,,,,,,,,,,,24,16,18,21,LAC,43.5,LAC,-5.5,-112,-108,-110,-110,220,-275
10055,4,20250928,11:00,PHI,TAM,,,,,,,,,,,,,,,26,23,31,25,PHI,43.5,PHI,-3.5,-112,-108,-110,-110,160,-190
10056,4,20250928,11:00,TEN,HOU,,,,,,,,,,,,,,,17,27,0,26,HOU,39.5,HOU,-7.5,-112,-108,-110,-110,310,-400
10057,4,20250928,14:05,IND,LAR,,,,,,,,,,,,,,,25,28,20,27,LAR,40.5,LAR,-3.5,-112,-108,-110,-110,155,-190
10058,4,20250928,14:05,JAX,SFO,,,,,,,,,,,,,,,21,25,26,21,SFO,46.5,SFO,-3.5,-112,-108,-110,-110,145,-175
10059,4,20250928,14:25,BAL,KAN,,,,,,,,,,,,,,,26,24,20,37,BAL,49.5,BAL,-2.5,-112,-108,-110,-110,125,-150
10060,4,20250928,14:25,CHI,LVR,,,,,,,,,,,,,,,25,22,25,24,LVR,46.5,LVR,-2.5,-112,-108,-110,-110,105,-125
10061,4,20250928,18:20,GNB,DAL,,,,,,,,,,,,,,,30,22,40,40,GNB,46.5,GNB,-6.5,-112,-108,-110,-110,275,-350
10062,4,20250929,17:15,NYJ,MIA,,,,,,,,,,,,,,,22,27,21,27,MIA,43.5,MIA,-2.5,-112,-108,-110,-110,135,-160
10063,4,20250929,18:15,CIN,DEN,,,,,,,,,,,,,,,21,31,3,28,DEN,44.5,DEN,-7.5,-112,-108,-110,-110,380,-500
10064,5,20251002,18:15,SFO,LAR,,,,,,,,,,,,,,,18,28,26,23,LAR,43.5,LAR,-8.5,-112,-108,-110,-110,350,-450
10065,5,20251005,7:30,MIN,CLE,,,,,,,,,,,,,,,23,16,21,17,MIN,35.5,MIN,-3.5,-112,-108,-110,-110,165,-200
10066,5,20251005,11:00,LVR,IND,,,,,,,,,,,,,,,22,32,6,40,IND,46.5,IND,-7.5,-112,-108,-110,-110,290,-375
10067,5,20251005,11:00,NYG,NOR,,,,,,,,,,,,,,,19,23,14,26,NOR,42.5,NOR,-2.5,-112,-108,-110,-110,118,-140
10068,5,20251005,11:00,DAL,NYJ,,,,,,,,,,,,,,,26,25,37,22,NYJ,47.5,NYJ,-2.5,-112,-108,-110,-110,105,-125
10069,5,20251005,11:00,DEN,PHI,,,,,,,,,,,,,,,18,26,21,17,PHI,44.5,PHI,-4.5,-112,-108,-110,-110,185,-225
10070,5,20251005,11:00,MIA,CAR,,,,,,,,,,,,,,,26,24,24,27,MIA,44.5,MIA,-1.5,-112,-108,-110,-110,-102,-118
10071,5,20251005,11:00,HOU,BAL,,,,,,,,,,,,,,,22,22,44,10,HOU,41.5,HOU,-2.5,-112,-108,-110,-110,118,-140
10072,5,20251005,14:05,TEN,ARI,,,,,,,,,,,,,,,17,27,22,21,ARI,41.5,ARI,-7.5,-112,-108,-110,-110,325,-400
10073,5,20251005,14:05,TAM,SEA,,,,,,,,,,,,,,,20,23,38,35,SEA,45.5,SEA,-3.5,-112,-108,-110,-110,155,-190
10074,5,20251005,14:25,DET,CIN,,,,,,,,,,,,,,,32,19,37,24,DET,48.5,DET,-8.5,-112,-108,-110,-110,425,-600
10075,5,20251005,14:25,WAS,LAC,,,,,,,,,,,,,,,24,27,27,10,LAC,48.5,LAC,-3.5,-112,-108,-110,-110,140,-165
10076,5,20251005,18:20,NWE,BUF,,,,,,,,,,,,,,,19,34,23,20,BUF,48.5,BUF,-7.5,-112,-108,-110,-110,350,-450
10077,5,20251006,18:15,KAN,JAX,,,,,,,,,,,,,,,24,21,28,31,KAN,45.5,KAN,-3.5,-112,-108,-110,-110,165,-200
10078,6,20251009,18:15,PHI,NYG,,,,,,,,,,,,,,,28,15,17,34,PHI,41.5,PHI,-7.5,-112,-108,-110,-110,310,-400
10079,6,20251012,7:30,DEN,NYJ,,,,,,,,,,,,,,,26,17,13,11,DEN,43.5,DEN,-6.5,-112,-108,-110,-110,300,-375
10080,6,20251012,11:00,ARI,IND,,,,,,,,,,,,,,,21,31,27,31,IND,46.5,IND,-8.5,-112,-108,-110,-110,375,-475
10081,6,20251012,11:00,LAC,MIA,,,,,,,,,,,,,,,26,23,29,27,LAC,45.5,LAC,-3.5,-112,-108,-110,-110,155,-190
10082,6,20251012,11:00,NWE,NOR,,,,,,,,,,,,,,,21,19,25,19,NWE,46.5,NWE,-3.5,-112,-108,-110,-110,150,-185
10083,6,20251012,11:00,CLE,PIT,,,,,,,,,,,,,,,15,25,9,23,PIT,37.5,PIT,-6.5,-112,-108,-110,-110,230,-290
10084,6,20251012,11:00,DAL,CAR,,,,,,,,,,,,,,,31,24,27,30,DAL,45.5,DAL,-2.5,-112,-108,-110,-110,135,-160
10085,6,20251012,11:00,SEA,JAX,,,,,,,,,,,,,,,24,22,20,12,SEA,47.5,SEA,-1.5,-112,-108,-110,-110,-105,-115
10086,6,20251012,11:00,LAR,BAL,,,,,,,,,,,,,,,27,20,17,3,LAR,44.5,LAR,-6.5,-112,-108,-110,-110,275,-350
10087,6,20251012,14:05,TEN,LVR,,,,,,,,,,,,,,,18,25,10,20,LVR,41.5,LVR,-4.5,-112,-108,-110,-110,165,-200
10088,6,20251012,14:25,CIN,GNB,,,,,,,,,,,,,,,18,32,18,27,GNB,44.5,GNB,-13.5,-112,-108,-110,-110,700,-1100
10089,6,20251012,14:25,SFO,TAM,,,,,,,,,,,,,,,23,28,19,30,TAM,46.5,TAM,-3.5,-112,-108,-110,-110,160,-190
10090,6,20251012,18:20,DET,KAN,,,,,,,,,,,,,,,25,26,17,30,KAN,51.5,KAN,-2.5,-112,-108,-110,-110,125,-150
10091,6,20251013,17:15,BUF,ATL,,,,,,,,,,,,,,,34,19,14,24,BUF,49.5,BUF,-3.5,-112,-108,-110,-110,170,-210
10092,6,20251013,18:15,CHI,WAS,,,,,,,,,,,,,,,22,28,25,24,WAS,48.5,WAS,-5.5,-112,-108,-110,-110,200,-250
10093,7,20251016,18:15,PIT,CIN,,,,,,,,,,,,,,,27,19,31,33,PIT,44.5,PIT,-5.5,-112,-108,-110,-110,200,-250
10094,7,20251019,7:30,LAR,JAX,,,,,,,,,,,,,,,22,20,35,7,LAR,43.5,LAR,-3.5,-112,-108,-110,-110,140,-165
10095,7,20251019,11:00,NOR,CHI,,,,,,,,,,,,,,,19,26,14,26,CHI,43.5,CHI,-3.5,-112,-108,-110,-110,180,-220
10096,7,20251019,11:00,MIA,CLE,,,,,,,,,,,,,,,20,23,6,31,CLE,35.5,CLE,-2.5,-112,-108,-110,-110,120,-145
10097,7,20251019,11:00,NWE,TEN,,,,,,,,,,,,,,,24,18,31,13,NWE,41.5,NWE,-6.5,-112,-108,-110,-110,260,-325
10098,7,20251019,11:00,LVR,KAN,,,,,,,,,,,,,,,18,31,0,31,KAN,45.5,KAN,-13.5,-112,-108,-110,-110,650,-1000
10099,7,20251019,11:00,PHI,MIN,,,,,,,,,,,,,,,22,21,28,22,PHI,44.5,PHI,-2.5,-112,-108,-110,-110,110,-130
10100,7,20251019,11:00,CAR,NYJ,,,,,,,,,,,,,,,21,24,13,6,CAR,39.5,NYJ,-1.5,-112,-108,-110,-110,-105,-115
10101,7,20251019,14:04,NYG,DEN,,,,,,,,,,,,,,,17,27,32,33,DEN,40.5,DEN,-7.5,-112,-108,-110,-110,340,-450
10102,7,20251019,14:05,IND,LAC,,,,,,,,,,,,,,,27,26,38,24,LAC,48.5,LAC,-2.5,-112,-108,-110,-110,125,-150
10103,7,20251019,14:25,WAS,DAL,,,,,,,,,,,,,,,32,30,22,44,DAL,54.5,DAL,-2.5,-112,-108,-110,-110,105,-125
10104,7,20251019,14:25,GNB,ARI,,,,,,,,,,,,,,,25,19,27,23,GNB,44.5,GNB,-6.5,-112,-108,-110,-110,275,-350
10105,7,20251019,18:20,ATL,SFO,,,,,,,,,,,,,,,21,24,10,20,ATL,46.5,ATL,-1.5,-112,-108,-110,-110,-105,-115
10106,7,20251020,17:00,TAM,DET,,,,,,,,,,,,,,,27,32,9,24,DET,54.5,DET,-6.5,-112,-108,-110,-110,240,-300
10107,7,20251020,20:00,HOU,SEA,,,,,,,,,,,,,,,18,20,19,27,SEA,41.5,SEA,-3.5,-112,-108,-110,-110,145,-175
10108,8,20251023,18:15,MIN,LAC,,,,,,,,,,,,,,,21,24,10,37,LAC,44.5,LAC,-3.5,-112,-108,-110,-110,154,-185
10109,8,20251026,11:00,MIA,ATL,,,,,,,,,,,,,,,21,30,34,10,ATL,43.5,ATL,-6.5,-112,-108,-110,-110,280,-350
10110,8,20251026,11:00,NYJ,CIN,,,,,,,,,,,,,,,22,27,39,38,CIN,43.5,CIN,-5.5,-112,-108,-110,-110,220,-275
10111,8,20251026,11:00,CLE,NWE,,,,,,,,,,,,,,,17,23,13,32,NWE,40.5,NWE,-6.5,-112,-108,-110,-110,280,-375
10112,8,20251026,11:00,NYG,PHI,,,,,,,,,,,,,,,19,29,20,38,PHI,43.5,PHI,-7.5,-112,-108,-110,-110,310,-400
10113,8,20251026,11:00,BUF,CAR,,,,,,,,,,,,,,,31,23,40,9,BUF,48.5,BUF,-7.5,-112,-108,-110,-110,310,-400
10114,8,20251026,11:00,CHI,BAL,,,,,,,,,,,,,,,24,27,16,30,BAL,44.5,BAL,-2.5,-112,-108,-110,-110,125,-150
10115,8,20251026,11:00,SFO,HOU,,,,,,,,,,,,,,,20,21,15,26,HOU,41.5,HOU,-3.5,-112,-108,-110,-110,130,-155
10116,8,20251026,14:05,TAM,NOR,,,,,,,,,,,,,,,26,20,23,3,TAM,45.5,TAM,-3.5,-112,-108,-110,-110,170,-210
10117,8,20251026,14:25,DAL,DEN,,,,,,,,,,,,,,,23,29,24,44,DEN,51.5,DEN,-4.5,-112,-108,-110,-110,180,-220
10118,8,20251026,14:25,TEN,IND,,,,,,,,,,,,,,,18,36,14,38,IND,47.5,IND,-14.5,-112,-108,-110,-110,900,-1600
10119,8,20251026,18:20,GNB,PIT,,,,,,,,,,,,,,,24,23,35,25,GNB,45.5,GNB,-2.5,-112,-108,-110,-110,125,-150
10120,8,20251027,18:15,WAS,KAN,,,,,,,,,,,,,,,20,30,7,28,KAN,48.5,KAN,-11.5,-112,-108,-110,-110,475,-600
10121,9,20251030,18:15,BAL,MIA,,,,,,,,,,,,,,,35,26,28,6,BAL,51.5,BAL,-7.5,-112,-108,-110,-110,350,-450
10122,9,20251102,11:00,CHI,CIN,,,,,,,,,,,,,,,30,23,47,42,CHI,51.5,CHI,-2.5,-112,-108,-110,-110,130,-155
10123,9,20251102,11:00,MIN,DET,,,,,,,,,,,,,,,21,31,27,24,DET,47.5,DET,-9.5,-112,-108,-110,-110,400,-525
10124,9,20251102,11:00,CAR,GNB,,,,,,,,,,,,,,,18,33,16,13,GNB,43.5,GNB,-13.5,-112,-108,-110,-110,600,-900
10125,9,20251102,11:00,LAC,TEN,,,,,,,,,,,,,,,29,15,27,20,LAC,44.5,LAC,-9.5,-112,-108,-110,-110,425,-600
10126,9,20251102,11:00,ATL,NWE,,,,,,,,,,,,,,,20,26,23,24,NWE,45.5,NWE,-5.5,-112,-108,-110,-110,200,-250
10127,9,20251102,11:00,SFO,NYG,,,,,,,,,,,,,,,23,22,34,24,SFO,47.5,SFO,-2.5,-112,-108,-110,-110,120,-145
10128,9,20251102,11:00,IND,PIT,,,,,,,,,,,,,,,27,26,20,27,IND,51.5,IND,-3.5,-112,-108,-110,-110,145,-175
10129,9,20251102,11:00,DEN,HOU,,,,,,,,,,,,,,,19,19,18,15,HOU,41.5,HOU,-2.5,-112,-108,-110,-110,115,-135
10130,9,20251102,14:05,JAX,LVR,,,,,,,,,,,,,,,23,20,30,29,JAX,44.5,JAX,-1.5,-112,-108,-110,-110,110,-130
10131,9,20251102,14:05,NOR,LAR,,,,,,,,,,,,,,,17,27,10,34,LAR,45.5,LAR,-14.5,-112,-108,-110,-110,725,-1200
10132,9,20251102,14:25,KAN,BUF,,,,,,,,,,,,,,,26,27,21,28,KAN,53.5,KAN,-2.5,-112,-108,-110,-110,115,-140
10133,9,20251102,18:20,SEA,WAS,,,,,,,,,,,,,,,25,22,38,14,SEA,47.5,SEA,-2.5,-112,-108,-110,-110,125,-150
10134,9,20251103,18:15,ARI,DAL,,,,,,,,,,,,,,,28,29,27,17,DAL,53.5,DAL,-3.5,-112,-108,-110,-110,154,-185
10135,10,20251106,18:15,LVR,DEN,,,,,,,,,,,,,,,16,31,7,10,DEN,41.5,DEN,-9.5,-112,-108,-110,-110,350,-450
10136,10,20251109,7:30,ATL,IND,,,,,,,,,,,,,,,20,30,25,31,IND,48.5,IND,-5.5,-112,-108,-110,-110,240,-300
10137,10,20251109,11:00,NYG,CHI,,,,,,,,,,,,,,,19,29,20,24,CHI,44.5,CHI,-4.5,-112,-108,-110,-110,180,-220
10138,10,20251109,11:00,BUF,MIA,,,,,,,,,,,,,,,35,23,13,30,BUF,50.5,BUF,-8.5,-112,-108,-110,-110,350,-450
10139,10,20251109,11:00,BAL,MIN,,,,,,,,,,,,,,,25,22,27,19,BAL,49.5,BAL,-4.5,-112,-108,-110,-110,185,-225
10140,10,20251109,11:00,CLE,NYJ,,,,,,,,,,,,,,,22,21,20,27,CLE,37.5,CLE,-2.5,-112,-108,-110,-110,110,-130
10141,10,20251109,11:00,NWE,TAM,,,,,,,,,,,,,,,22,26,28,23,TAM,48.5,TAM,-2.5,-112,-108,-110,-110,125,-150
10142,10,20251109,11:00,NOR,CAR,,,,,,,,,,,,,,,20,24,17,7,CAR,38.5,CAR,-5.5,-112,-108,-110,-110,200,-250
10143,10,20251109,11:00,JAX,HOU,,,,,,,,,,,,,,,16,22,29,36,HOU,38.5,HOU,-2.5,-112,-108,-110,-110,-110,-110
10144,10,20251109,14:05,ARI,SEA,,,,,,,,,,,,,,,17,27,22,44,SEA,44.5,SEA,-7.5,-112,-108,-110,-110,260,-325
10145,10,20251109,14:25,LAR,SFO,,,,,,,,,,,,,,,24,21,42,26,LAR,49.5,LAR,-6.5,-112,-108,-110,-110,225,-275
10146,10,20251109,14:25,DET,WAS,,,,,,,,,,,,,,,31,22,44,22,DET,48.5,DET,-7.5,-112,-108,-110,-110,340,-450
10147,10,20251109,18:20,PIT,LAC,,,,,,,,,,,,,,,24,23,10,25,LAC,45.5,LAC,-3.5,-112,-108,-110,-110,155,-185
10148,10,20251110,18:15,PHI,GNB,,,,,,,,,,,,,,,21,23,10,7,GNB,44.5,GNB,-1.5,-112,-108,-110,-110,-110,-110
10149,11,20251113,18:15,NYJ,NWE,,,,,,,,,,,,,,,22,33,14,27,NWE,42.5,NWE,-12.5,-112,-108,-110,-110,575,-800
10150,11,20251116,7:30,WAS,MIA,,,,,,,,,,,,,,,25,27,13,16,MIA,46.5,MIA,-2.5,-112,-108,-110,-110,125,-150
10151,11,20251116,11:00,CAR,ATL,,,,,,,,,,,,,,,20,26,30,27,ATL,41.5,ATL,-4.5,-112,-108,-110,-110,170,-210
10152,11,20251116,11:00,TAM,BUF,,,,,,,,,,,,,,,24,29,32,44,BUF,44.5,BUF,-6.5,-112,-108,-110,-110,260,-325
10153,11,20251116,11:00,HOU,TEN,,,,,,,,,,,,,,,23,14,16,13,HOU,37.5,HOU,-5.5,-112,-108,-110,-110,225,-275
10154,11,20251116,11:00,CHI,MIN,,,,,,,,,,,,,,,22,23,19,17,MIN,47.5,MIN,-3,-112,-108,-110,-110,125,-150
10155,11,20251116,11:00,GNB,NYG,,,,,,,,,,,,,,,27,18,27,20,GNB,42.5,GNB,-7.5,-112,-108,-110,-110,300,-375
10156,11,20251116,11:00,CIN,PIT,,,,,,,,,,,,,,,21,29,12,34,PIT,47.5,PIT,-5.5,-112,-108,-110,-110,200,-250
10157,11,20251116,11:00,LAC,JAX,,,,,,,,,,,,,,,24,22,6,35,LAC,42.5,LAC,-2.5,-112,-108,-110,-110,130,-155
10158,11,20251116,14:05,SEA,LAR,,,,,,,,,,,,,,,21,23,19,21,LAR,49.5,LAR,-3.5,-112,-108,-110,-110,145,-180
10159,11,20251116,14:05,SFO,ARI,,,,,,,,,,,,,,,25,22,41,22,SFO,48.5,SFO,-3.5,-112,-108,-110,-110,155,-190
10160,11,20251116,14:25,BAL,CLE,,,,,,,,,,,,,,,27,18,23,16,BAL,37.5,BAL,-7.5,-112,-108,-110,-110,350,-450
10161,11,20251116,14:25,KAN,DEN,,,,,,,,,,,,,,,23,19,19,22,KAN,45.5,KAN,-4.5,-112,-108,-110,-110,180,-220
10162,11,20251116,18:20,DET,PHI,,,,,,,,,,,,,,,22,26,9,16,PHI,45.5,PHI,-2.5,-112,-108,-110,-110,125,-150
10163,11,20251117,18:15,DAL,LVR,,,,,,,,,,,,,,,28,22,33,16,DAL,48.5,DAL,-3.5,-112,-108,-110,-110,170,-210
10164,12,20251120,18:15,BUF,HOU,,,,,,,,,,,,,,,24,19,19,23,BUF,44.5,BUF,-4.5,-112,-108,-110,-110,200,-250
10165,12,20251123,11:00,PIT,CHI,,,,,,,,,,,,,,,22,24,28,31,CHI,46.5,CHI,-3,-112,-108,-110,-110,125,-150
10166,12,20251123,11:00,NWE,CIN,,,,,,,,,,,,,,,30,23,26,20,NWE,50.5,NWE,-6.5,-112,-108,-110,-110,310,-400
10167,12,20251123,11:00,NYG,DET,,,,,,,,,,,,,,,21,32,27,34,DET,50.5,DET,-13.5,-112,-108,-110,-110,700,-1100
10168,12,20251123,11:00,MIN,GNB,,,,,,,,,,,,,,,15,25,6,23,GNB,41.5,GNB,-6.5,-112,-108,-110,-110,230,-285
10169,12,20251123,11:00,SEA,TEN,,,,,,,,,,,,,,,29,14,30,24,SEA,41.5,SEA,-12.5,-112,-108,-110,-110,600,-900
10170,12,20251123,11:00,IND,KAN,,,,,,,,,,,,,,,22,29,20,23,KAN,49.5,KAN,-4.5,-112,-108,-110,-110,185,-220
10171,12,20251123,11:00,NYJ,BAL,,,,,,,,,,,,,,,20,34,10,23,BAL,44.5,BAL,-13.5,-112,-108,-110,-110,800,-1400
10172,12,20251123,14:05,CLE,LVR,,,,,,,,,,,,,,,19,20,24,10,LVR,35.5,LVR,-2.5,-112,-108,-110,-110,140,-165
10173,12,20251123,14:05,JAX,ARI,,,,,,,,,,,,,,,26,23,27,24,JAX,47.5,JAX,-2.5,-112,-108,-110,-110,115,-135
10174,12,20251123,14:25,PHI,DAL,,,,,,,,,,,,,,,26,23,21,24,PHI,47.5,PHI,-2.5,-112,-108,-110,-110,135,-160
10175,12,20251123,14:25,ATL,NOR,,,,,,,,,,,,,,,24,23,24,10,NOR,40.5,NOR,-1.5,-112,-108,-110,-110,105,-125
10176,12,20251123,18:20,TAM,LAR,,,,,,,,,,,,,,,23,26,7,34,LAR,49.5,LAR,-6.5,-112,-108,-110,-110,300,-375
10177,12,20251124,18:15,CAR,SFO,,,,,,,,,,,,,,,21,31,9,20,SFO,48.5,SFO,-6.5,-112,-108,-110,-110,280,-350
10178,13,20251127,11:00,GNB,DET,,,,,,,,,,,,,,,24,27,31,24,GNB,48.5,GNB,-2.5,-112,-108,-110,-110,135,-160
10179,13,20251127,14:30,KAN,DAL,,,,,,,,,,,,,,,29,23,28,31,KAN,53.5,KAN,-3.5,-112,-108,-110,-110,155,-190
10180,13,20251127,18:20,CIN,BAL,,,,,,,,,,,,,,,22,32,32,14,BAL,52.5,BAL,-7.5,-112,-108,-110,-110,340,-450
10181,13,20251128,13:00,CHI,PHI,,,,,,,,,,,,,,,20,28,24,15,PHI,43.5,PHI,-6.5,-112,-108,-110,-110,280,-350
10182,13,20251130,11:00,SFO,CLE,,,,,,,,,,,,,,,23,21,26,8,SFO,34.5,SFO,-4.5,-112,-108,-110,-110,200,-250
10183,13,20251130,11:00,JAX,TEN,,,,,,,,,,,,,,,27,19,25,3,JAX,42.5,JAX,-5.5,-112,-108,-110,-110,230,-285
10184,13,20251130,11:00,HOU,IND,,,,,,,,,,,,,,,21,26,20,10,IND,44.5,IND,-2.5,-112,-108,-110,-110,140,-165
10185,13,20251130,11:00,NOR,MIA,,,,,,,,,,,,,,,21,27,17,21,MIA,40.5,MIA,-5.5,-112,-108,-110,-110,200,-250
10186,13,20251130,11:00,ATL,NYJ,,,,,,,,,,,,,,,27,22,24,27,ATL,37.5,ATL,-2.5,-112,-108,-110,-110,135,-160
10187,13,20251130,11:00,ARI,TAM,,,,,,,,,,,,,,,20,29,17,20,TAM,44.5,TAM,-3.5,-112,-108,-110,-110,170,-210
10188,13,20251130,11:00,LAR,CAR,,,,,,,,,,,,,,,30,17,28,31,LAR,44.5,LAR,-9.5,-112,-108,-110,-110,425,-600
10189,13,20251130,14:05,MIN,SEA,,,,,,,,,,,,,,,18,28,0,26,SEA,41.5,SEA,-11.5,-112,-108,-110,-110,550,-800
10190,13,20251130,14:25,BUF,PIT,,,,,,,,,,,,,,,25,23,26,7,BUF,44.5,BUF,-2.5,-112,-108,-110,-110,145,-175
10191,13,20251130,14:25,LVR,LAC,,,,,,,,,,,,,,,18,28,14,31,LAC,40.5,LAC,-9.5,-112,-108,-110,-110,400,-550
10192,13,20251130,18:20,DEN,WAS,,,,,,,,,,,,,,,27,21,27,26,DEN,33.5,DEN,-5.5,-112,-108,-110,-110,240,-300
10193,13,20251201,18:15,NYG,NWE,,,,,,,,,,,,,,,19,29,15,33,NWE,46.5,NWE,-6.5,-112,-108,-110,-110,280,-350
10194,14,20251204,18:15,DAL,DET,,,,,,,,,,,,,,,26,29,30,44,DET,55.5,DET,-3.5,-112,-108,-110,-110,155,-190
10195,14,20251207,11:00,SEA,ATL,,,,,,,,,,,,,,,27,20,37,9,SEA,44.5,SEA,-6.5,-112,-108,-110,-110,280,-350
10196,14,20251207,11:00,CIN,BUF,,,,,,,,,,,,,,,26,31,34,39,BUF,554.5,BUF,-5.5,-112,-108,-110,-110,230,-285
10197,14,20251207,11:00,TEN,CLE,,,,,,,,,,,,,,,15,24,31,29,CLE,33.5,CLE,-3.5,-112,-108,-110,-110,165,-200
10198,14,20251207,11:00,WAS,MIN,,,,,,,,,,,,,,,24,19,0,31,MIN,41.5,MIN,-0.5,-112,-108,-110,-110,-110,-110
10199,14,20251207,11:00,MIA,NYJ,,,,,,,,,,,,,,,22,24,34,10,MIA,41.5,MIA,-2.5,-112,-108,-110,-110,120,-145
10200,14,20251207,11:00,NOR,TAM,,,,,,,,,,,,,,,19,29,24,20,TAM,41.5,TAM,-7.5,-112,-108,-110,-110,310,-400
10201,14,20251207,11:00,IND,JAX,,,,,,,,,,,,,,,26,25,19,36,IND,45.5,IND,-2.5,-112,-108,-110,-110,120,-145
10202,14,20251207,11:00,PIT,BAL,,,,,,,,,,,,,,,20,24,27,22,BAL,43.5,BAL,-5.5,-112,-108,-110,-110,225,-275
10203,14,20251207,14:05,DEN,LVR,,,,,,,,,,,,,,,26,15,24,17,DEN,40.5,DEN,-8.5,-112,-108,-110,-110,360,-475
10204,14,20251207,14:25,CHI,GNB,,,,,,,,,,,,,,,20,28,21,28,GNB,43.5,GNB,-6.5,-112,-108,-110,-110,240,-300
10205,14,20251207,14:25,LAR,ARI,,,,,,,,,,,,,,,29,20,45,17,LAR,48.5,LAR,-9.5,-112,-108,-110,-110,375,-500
10206,14,20251207,18:20,HOU,KAN,,,,,,,,,,,,,,,18,23,20,10,KAN,41.5,KAN,-4.5,-112,-108,-110,-110,185,-225
10207,14,20251208,18:15,PHI,LAC,,,,,,,,,,,,,,,21,22,19,22,PHI,41.5,PHI,-0.5,-112,-108,-110,-110,-105,-115
10208,15,20251211,18:15,ATL,TAM,,,,,,,,,,,,,,,20,26,29,28,TAM,43.5,TAM,-5.5,-112,-108,-110,-110,240,-300
10209,15,20251214,11:00,CLE,CHI,,,,,,,,,,,,,,,15,25,3,31,CHI,38.5,CHI,-7.5,-112,-108,-110,-110,310,-400
10210,15,20251214,11:00,BAL,CIN,,,,,,,,,,,,,,,28,26,24,0,BAL,51.5,BAL,-2.5,-112,-108,-110,-110,140,-165
10211,15,20251214,11:00,LAC,KAN,,,,,,,,,,,,,,,18,25,16,13,KAN,41.5,KAN,-5.5,-112,-108,-110,-110,225,-275
10212,15,20251214,11:00,BUF,NWE,,,,,,,,,,,,,,,26,27,35,31,BUF,49.5,BUF,-2.5,-112,-108,-110,-110,118,-140
10213,15,20251214,11:00,WAS,NYG,,,,,,,,,,,,,,,24,26,29,21,NYG,45.5,NYG,-2.5,-112,-108,-110,-110,120,-145
10214,15,20251214,11:00,LVR,PHI,,,,,,,,,,,,,,,14,25,0,31,PHI,36.5,PHI,-12.5,-112,-108,-110,-110,550,-800
10215,15,20251214,11:00,NYJ,JAX,,,,,,,,,,,,,,,18,31,20,48,JAX,40.5,JAX,-5.5,-112,-108,-110,-110,650,-1000
10216,15,20251214,11:00,ARI,HOU,,,,,,,,,,,,,,,18,28,20,40,HOU,41.5,HOU,-9.5,-112,-108,-110,-110,425,-600
10217,15,20251214,14:25,GNB,DEN,,,,,,,,,,,,,,,21,22,26,34,GNB,41.5,GNB,-0.5,-112,-108,-110,-110,100,-120
10218,15,20251214,14:25,DET,LAR,,,,,,,,,,,,,,,25,27,34,41,LAR,54.5,LAR,-5.5,-112,-108,-110,-110,200,-250
10219,15,20251214,14:25,CAR,NOR,,,,,,,,,,,,,,,21,24,17,20,CAR,41.5,CAR,-2.5,-112,-108,-110,-110,120,-145
10220,15,20251214,14:25,TEN,SFO,,,,,,,,,,,,,,,19,32,24,37,SFO,44.5,SFO,-12.5,-112,-108,-110,-110,600,-900
10221,15,20251214,14:25,IND,SEA,,,,,,,,,,,,,,,17,28,16,18,SEA,41.5,SEA,-12.5,-112,-108,-110,-110,625,-1000
10222,15,20251214,18:20,MIN,DAL,,,,,,,,,,,,,,,20,30,34,26,DAL,47.5,DAL,-5.5,-112,-108,-110,-110,200,-250
10223,15,20251215,18:15,MIA,PIT,,,,,,,,,,,,,,,19,26,15,28,PIT,42.5,PIT,-3.5,-112,-108,-110,-110,165,-200
10224,16,20251218,18:15,LAR,SEA,,,,,,,,,,,,,,,21,24,37,38,SEA,36.5,SEA,-1.5,-112,-108,-110,-110,110,-130
10225,16,20251220,15:00,PHI,WAS,,,,,,,,,,,,,,,28,20,29,18,PHI,43.5,PHI,-6.5,-112,-108,-110,-110,280,-350
10226,16,20251220,18:20,GNB,CHI,,,,,,,,,,,,,,,26,25,16,22,CHI,44.5,CHI,-0.5,-112,-108,-110,-110,100,-120
10227,16,20251221,11:00,BUF,CLE,,,,,,,,,,,,,,,27,16,23,20,BUF,40.5,BUF,-10.5,-112,-108,-110,-110,450,-625
10228,16,20251221,11:00,LAC,DAL,,,,,,,,,,,,,,,26,27,34,17,DAL,50.5,DAL,-1.5,-112,-108,-110,-110,100,-120
10229,16,20251221,11:00,KAN,TEN,,,,,,,,,,,,,,,21,16,9,26,KAN,37.5,KAN,-2.5,-112,-108,-110,-110,140,-170
10230,16,20251221,11:00,NYJ,NOR,,,,,,,,,,,,,,,21,24,6,29,NOR,39.5,NOR,-6.5,-112,-108,-110,-110,165,-200
10231,16,20251221,11:00,MIN,NYG,,,,,,,,,,,,,,,21,23,16,13,MIN,41.5,MIN,-2.5,-112,-108,-110,-110,230,-285
10232,16,20251221,11:00,TAM,CAR,,,,,,,,,,,,,,,28,22,20,23,TAM,44.5,TAM,-2.5,-112,-108,-110,-110,125,-150
10233,16,20251221,11:00,CIN,MIA,,,,,,,,,,,,,,,28,24,45,21,CIN,47.5,CIN,-3.5,-112,-108,-110,-110,130,-155
10234,16,20251221,14:05,JAX,DEN,,,,,,,,,,,,,,,20,24,34,20,DEN,46.5,DEN,-3.5,-112,-108,-110,-110,154,-185
10235,16,20251221,14:05,ATL,ARI,,,,,,,,,,,,,,,28,25,26,19,ATL,47.5,ATL,-2.5,-112,-108,-110,-110,125,-150
10236,16,20251221,14:25,PIT,DET,,,,,,,,,,,,,,,22,30,29,24,DET,51.5,DET,-7.5,-112,-108,-110,-110,310,-400
10237,16,20251221,14:25,LVR,HOU,,,,,,,,,,,,,,,14,29,21,23,HOU,39.5,HOU,-13.5,-112,-108,-110,-110,800,-1400
10238,16,20251221,18:20,NWE,BAL,,,,,,,,,,,,,,,23,29,28,24,BAL,48.5,BAL,-3.5,-112,-108,-110,-110,155,-190
10239,16,20251222,18:15,SFO,IND,,,,,,,,,,,,,,,28,24,48,27,SFO,45.5,SFO,-5.5,-112,-108,-110,-110,185,-220
10240,17,20251225,11:00,DAL,WAS,,,,,,,,,,,,,,,31,25,30,23,DAL,40.5,DAL,-8.5,-112,-108,-110,-110,380,-500
10241,17,20251225,14:30,DET,MIN,,,,,,,,,,,,,,,27,19,10,23,DET,44.5,DET,-7.5,-112,-108,-110,-110,280,-350
10242,17,20251225,18:15,DEN,KAN,,,,,,,,,,,,,,,23,13,20,13,DEN,37.5,DEN,-13.5,-112,-108,-110,-110,650,-1000
10243,17,20251227,14:30,HOU,LAC,,,,,,,,,,,,,,,20,22,20,16,LAC,40.5,LAC,-0.5,-112,-108,-110,-110,100,-120
10244,17,20251227,18:00,BAL,GNB,,,,,,,,,,,,,,,20,25,41,24,GNB,32.5,GNB,-2.5,-112,-108,-110,-110,110,-130
10245,17,20251228,11:00,ARI,CIN,,,,,,,,,,,,,,,24,34,14,37,CIN,52.5,CIN,-6.5,-112,-108,-110,-110,280,-350
10246,17,20251228,11:00,PIT,CLE,,,,,,,,,,,,,,,21,16,6,13,PIT,34.5,PIT,-3.5,-112,-108,-110,-110,180,-220
10247,17,20251228,11:00,NOR,TEN,,,,,,,,,,,,,,,22,21,34,26,NOR,38.5,NOR,-0.5,-112,-108,-110,-110,-102,-118
10248,17,20251228,11:00,JAX,IND,,,,,,,,,,,,,,,27,23,23,17,JAX,48.5,JAX,-3.5,-112,-108,-110,-110,170,-210
10249,17,20251228,11:00,TAM,MIA,,,,,,,,,,,,,,,28,23,17,20,TAM,43.5,TAM,-5.5,-112,-108,-110,-110,200,-250
10250,17,20251228,11:00,NWE,NYJ,,,,,,,,,,,,,,,29,17,42,10,NWE,41.5,NWE,-12.5,-112,-108,-110,-110,600,-900
10251,17,20251228,11:00,SEA,CAR,,,,,,,,,,,,,,,27,19,27,20,SEA,42.5,SEA,-6.5,-112,-108,-110,-110,260,-325
10252,17,20251228,14:05,NYG,LVR,,,,,,,,,,,,,,,22,23,34,10,NYG,40.5,NYG,-2.5,-112,-108,-110,-110,135,-160
10256,17,20251228,14:25,PHI,BUF,,,,,,,,,,,,,,,23,26,13,12,BUF,44.5,BUF,-2.5,-112,-108,-110,-110,145,-175
10257,17,20251228,18:20,CHI,SFO,,,,,,,,,,,,,,,25,29,38,42,SFO,40.5,SFO,-3.5,-112,-108,-110,-110,185,-220
10258,17,20251229,18:15,LAR,ATL,,,,,,,,,,,,,,,30,21,24,27,LAR,48.5,LAR,-6.5,-112,-108,-110,-110,280,-350
10259,18,20260103,14:30,CAR,TAM,,,,,,,,,,,,,,,22,26,14,16,TAM,43.5,TAM,-3,-120,100,-112,-108,124,-148
10260,18,20260103,18:00,SEA,SFO,,,,,,,,,,,,,,,27,24,13,3,SEA,47.5,SEA,-2.5,-105,-115,-112,-108,124,-148
10261,18,20260104,11:00,NOR,ATL,,,,,,,,,,,,,,,21,28,17,19,ATL,44.5,ATL,-3.5,-112,-108,100,-120,164,-198
10262,18,20260104,11:00,CLE,CIN,,,,,,,,,,,,,,,19,29,20,18,CIN,44.5,CIN,-7.5,-102,-118,-110,-110,320,-410
10263,18,20260104,11:00,GNB,MIN,,,,,,,,,,,,,,,17,22,3,16,MIN,37.5,MIN,-9.5,-112,-108,-102,-118,360,-470
10264,18,20260104,11:00,DAL,NYG,,,,,,,,,,,,,,,30,25,17,34,DAL,49.5,DAL,-3.5,-115,-105,-115,-105,154,-185
10265,18,20260104,11:00,TEN,JAX,,,,,,,,,,,,,,,20,32,7,41,JAX,47.5,JAX,-13.5,-115,-105,-112,-108,550,-800
10266,18,20260104,11:00,IND,HOU,,,,,,,,,,,,,,,20,27,30,38,HOU,38.5,HOU,-10,-112,-108,-112,-108,410,-550
10267,18,20260104,14:25,NYJ,BUF,,,,,,,,,,,,,,,18,30,8,35,BUF,37.5,BUF,-7.5,-102,-118,-110,-110,330,-425
10268,18,20260104,14:25,DET,CHI,,,,,,,,,,,,,,,27,28,19,16,CHI,50.5,CHI,-3,-112,-108,-115,-105,136,-162
10269,18,20260104,14:25,LAC,DEN,,,,,,,,,,,,,,,15,25,3,19,DEN,37.5,DEN,-13.5,-115,-105,-110,-110,750,-1200
10270,18,20260104,14:25,KAN,LVR,,,,,,,,,,,,,,,20,14,12,14,KAN,36.5,KAN,-5.5,-110,-110,-108,-112,225,-278
10271,18,20260104,14:25,ARI,LAR,,,,,,,,,,,,,,,20,31,20,37,LAR,46.5,LAR,-8.5,-110,-110,-105,-115,330,-425
10272,18,20260104,14:25,MIA,NWE,,,,,,,,,,,,,,,20,30,10,38,NWE,45.5,NWE,-11.5,-112,-108,-112,-108,490,-675
10273,18,20260104,14:25,WAS,PHI,,,,,,,,,,,,,,,18,28,24,17,PHI,38.5,PHI,-4.5,-115,-105,-112,-108,185,-225
10274,18,20260104,18:20,BAL,PIT,,,,,,,,,,,,,,,24,23,24,26,BAL,41.5,BAL,-4.5,-122,102,-105,-115,170,-205
10275,19,20260110,14:30,LAR,CAR,,,,,,,,,,,,,,,30,18,34,31,LAR,45.5,LAR,-10.5,-115,-105,-115,-105,440,-600
10276,19,20260110,18:00,GNB,CHI,,,,,,,,,,,,,,,23,24,27,31,GNB,44.5,GNB,-1.5,-105,-115,-112,-108,110,-130
10277,19,20260111,11:00,BUF,JAX,,,,,,,,,,,,,,,25,26,27,24,JAX,51.5,JAX,-1.5,-122,102,-112,-108,-110,-110
10278,19,20260111,14:30,SFO,PHI,,,,,,,,,,,,,,,21,26,23,19,PHI,44.5,PHI,-6,-112,-108,-108,-112,215,-265
10279,19,20260111,18:00,LAC,NWE,,,,,,,,,,,,,,,21,27,3,16,NWE,45.5,NWE,-3.5,-112,-108,-115,-105,160,-192
10280,19,20260112,18:15,HOU,PIT,,,,,,,,,,,,,,,21,20,30,6,HOU,38.5,HOU,-3,-118,-102,-105,-115,130,-155
10281,20,20260117,14:30,BUF,DEN,,,,,,,,,,,,,,,23,24,30,33,DEN,45.5,DEN,-1.5,-112,-108,-108,-112,100,-120
10282,20,20260117,18:00,SFO,SEA,,,,,,,,,,,,,,,21,28,6,41,SEA,44.5,SEA,-6.5,-115,-105,-105,-115,250,-310
10283,20,20260119,13:00,HOU,NWE,,,,,,,,,,,,,,,20,22,16,28,NWE,40.5,NWE,-2.5,100,-120,-115,-105,145,-175
10284,20,20260119,16:30,LAR,CHI,,,,,,,,,,,,,,,27,24,20,17,LAR,48.5,LAR,-4.5,-118,-102,-110,-110,164,-198
10285,21,20260125,13:00,NWE,DEN,,,,,,,,,,,,,,,,,,,,,,,,,,,,
10286,21,20260125,16:30,LAR,SEA,,,,,,,,,,,,,,,,,,,,,,,,,,,,
